metric_name,timestamp,metric_value,check,error,error_code,expected_response,group,method,name,proto,scenario,service,status,subproto,tls_version,url,extra_tags,metadata
http_reqs,1777962800,1.000000,,,,true,,GET,http://localhost:3000/movies,HTTP/1.1,default,,200,,,http://localhost:3000/movies,my_custom_tag=MongoDB,
http_req_duration,1777962800,40.717900,,,,true,,GET,http://localhost:3000/movies,HTTP/1.1,default,,200,,,http://localhost:3000/movies,my_custom_tag=MongoDB,
http_req_blocked,1777962800,27.328900,,,,true,,GET,http://localhost:3000/movies,HTTP/1.1,default,,200,,,http://localhost:3000/movies,my_custom_tag=MongoDB,
http_req_connecting,1777962800,1.237200,,,,true,,GET,http://localhost:3000/movies,HTTP/1.1,default,,200,,,http://localhost:3000/movies,my_custom_tag=MongoDB,
http_req_tls_handshaking,1777962800,0.000000,,,,true,,GET,http://localhost:3000/movies,HTTP/1.1,default,,200,,,http://localhost:3000/movies,my_custom_tag=MongoDB,
http_req_sending,1777962800,0.000000,,,,true,,GET,http://localhost:3000/movies,HTTP/1.1,default,,200,,,http://localhost:3000/movies,my_custom_tag=MongoDB,
http_req_waiting,1777962800,39.694200,,,,true,,GET,http://localhost:3000/movies,HTTP/1.1,default,,200,,,http://localhost:3000/movies,my_custom_tag=MongoDB,
http_req_receiving,1777962800,1.023700,,,,true,,GET,http://localhost:3000/movies,HTTP/1.1,default,,200,,,http://localhost:3000/movies,my_custom_tag=MongoDB,
http_req_failed,1777962800,0.000000,,,,true,,GET,http://localhost:3000/movies,HTTP/1.1,default,,200,,,http://localhost:3000/movies,my_custom_tag=MongoDB,
http_reqs,1777962800,1.000000,,,,true,,GET,http://localhost:3000/movies,HTTP/1.1,default,,200,,,http://localhost:3000/movies,my_custom_tag=MongoDB,
http_req_duration,1777962800,42.883500,,,,true,,GET,http://localhost:3000/movies,HTTP/1.1,default,,200,,,http://localhost:3000/movies,my_custom_tag=MongoDB,
http_req_blocked,1777962800,29.654300,,,,true,,GET,http://localhost:3000/movies,HTTP/1.1,default,,200,,,http://localhost:3000/movies,my_custom_tag=MongoDB,
http_req_connecting,1777962800,3.041800,,,,true,,GET,http://localhost:3000/movies,HTTP/1.1,default,,200,,,http://localhost:3000/movies,my_custom_tag=MongoDB,
http_req_tls_handshaking,1777962800,0.000000,,,,true,,GET,http://localhost:3000/movies,HTTP/1.1,default,,200,,,http://localhost:3000/movies,my_custom_tag=MongoDB,
http_req_sending,1777962800,0.000000,,,,true,,GET,http://localhost:3000/movies,HTTP/1.1,default,,200,,,http://localhost:3000/movies,my_custom_tag=MongoDB,
http_req_waiting,1777962800,42.120700,,,,true,,GET,http://localhost:3000/movies,HTTP/1.1,default,,200,,,http://localhost:3000/movies,my_custom_tag=MongoDB,
http_req_receiving,1777962800,0.762800,,,,true,,GET,http://localhost:3000/movies,HTTP/1.1,default,,200,,,http://localhost:3000/movies,my_custom_tag=MongoDB,
http_req_failed,1777962800,0.000000,,,,true,,GET,http://localhost:3000/movies,HTTP/1.1,default,,200,,,http://localhost:3000/movies,my_custom_tag=MongoDB,
http_reqs,1777962800,1.000000,,,,true,,GET,http://localhost:3000/movies,HTTP/1.1,default,,200,,,http://localhost:3000/movies,my_custom_tag=MongoDB,
http_req_duration,1777962800,47.489400,,,,true,,GET,http://localhost:3000/movies,HTTP/1.1,default,,200,,,http://localhost:3000/movies,my_custom_tag=MongoDB,
http_req_blocked,1777962800,27.328900,,,,true,,GET,http://localhost:3000/movies,HTTP/1.1,default,,200,,,http://localhost:3000/movies,my_custom_tag=MongoDB,
http_req_connecting,1777962800,1.237200,,,,true,,GET,http://localhost:3000/movies,HTTP/1.1,default,,200,,,http://localhost:3000/movies,my_custom_tag=MongoDB,
http_req_tls_handshaking,1777962800,0.000000,,,,true,,GET,http://localhost:3000/movies,HTTP/1.1,default,,200,,,http://localhost:3000/movies,my_custom_tag=MongoDB,
http_req_sending,1777962800,1.589500,,,,true,,GET,http://localhost:3000/movies,HTTP/1.1,default,,200,,,http://localhost:3000/movies,my_custom_tag=MongoDB,
http_req_waiting,1777962800,45.144900,,,,true,,GET,http://localhost:3000/movies,HTTP/1.1,default,,200,,,http://localhost:3000/movies,my_custom_tag=MongoDB,
http_req_receiving,1777962800,0.755000,,,,true,,GET,http://localhost:3000/movies,HTTP/1.1,default,,200,,,http://localhost:3000/movies,my_custom_tag=MongoDB,
http_req_failed,1777962800,0.000000,,,,true,,GET,http://localhost:3000/movies,HTTP/1.1,default,,200,,,http://localhost:3000/movies,my_custom_tag=MongoDB,
http_reqs,1777962800,1.000000,,,,true,,GET,http://localhost:3000/movies,HTTP/1.1,default,,200,,,http://localhost:3000/movies,my_custom_tag=MongoDB,
http_req_duration,1777962800,48.579500,,,,true,,GET,http://localhost:3000/movies,HTTP/1.1,default,,200,,,http://localhost:3000/movies,my_custom_tag=MongoDB,
http_req_blocked,1777962800,29.654300,,,,true,,GET,http://localhost:3000/movies,HTTP/1.1,default,,200,,,http://localhost:3000/movies,my_custom_tag=MongoDB,
http_req_connecting,1777962800,3.041800,,,,true,,GET,http://localhost:3000/movies,HTTP/1.1,default,,200,,,http://localhost:3000/movies,my_custom_tag=MongoDB,
http_req_tls_handshaking,1777962800,0.000000,,,,true,,GET,http://localhost:3000/movies,HTTP/1.1,default,,200,,,http://localhost:3000/movies,my_custom_tag=MongoDB,
http_req_sending,1777962800,0.000000,,,,true,,GET,http://localhost:3000/movies,HTTP/1.1,default,,200,,,http://localhost:3000/movies,my_custom_tag=MongoDB,
http_req_waiting,1777962800,48.219700,,,,true,,GET,http://localhost:3000/movies,HTTP/1.1,default,,200,,,http://localhost:3000/movies,my_custom_tag=MongoDB,
http_req_receiving,1777962800,0.359800,,,,true,,GET,http://localhost:3000/movies,HTTP/1.1,default,,200,,,http://localhost:3000/movies,my_custom_tag=MongoDB,
http_req_failed,1777962800,0.000000,,,,true,,GET,http://localhost:3000/movies,HTTP/1.1,default,,200,,,http://localhost:3000/movies,my_custom_tag=MongoDB,
http_reqs,1777962800,1.000000,,,,true,,GET,http://localhost:3000/movies,HTTP/1.1,default,,200,,,http://localhost:3000/movies,my_custom_tag=MongoDB,
http_req_duration,1777962800,52.661400,,,,true,,GET,http://localhost:3000/movies,HTTP/1.1,default,,200,,,http://localhost:3000/movies,my_custom_tag=MongoDB,
http_req_blocked,1777962800,27.328900,,,,true,,GET,http://localhost:3000/movies,HTTP/1.1,default,,200,,,http://localhost:3000/movies,my_custom_tag=MongoDB,
http_req_connecting,1777962800,1.237200,,,,true,,GET,http://localhost:3000/movies,HTTP/1.1,default,,200,,,http://localhost:3000/movies,my_custom_tag=MongoDB,
http_req_tls_handshaking,1777962800,0.000000,,,,true,,GET,http://localhost:3000/movies,HTTP/1.1,default,,200,,,http://localhost:3000/movies,my_custom_tag=MongoDB,
http_req_sending,1777962800,1.589500,,,,true,,GET,http://localhost:3000/movies,HTTP/1.1,default,,200,,,http://localhost:3000/movies,my_custom_tag=MongoDB,
http_req_waiting,1777962800,51.071900,,,,true,,GET,http://localhost:3000/movies,HTTP/1.1,default,,200,,,http://localhost:3000/movies,my_custom_tag=MongoDB,
http_req_receiving,1777962800,0.000000,,,,true,,GET,http://localhost:3000/movies,HTTP/1.1,default,,200,,,http://localhost:3000/movies,my_custom_tag=MongoDB,
http_req_failed,1777962800,0.000000,,,,true,,GET,http://localhost:3000/movies,HTTP/1.1,default,,200,,,http://localhost:3000/movies,my_custom_tag=MongoDB,
http_reqs,1777962800,1.000000,,,,true,,GET,http://localhost:3000/movies,HTTP/1.1,default,,200,,,http://localhost:3000/movies,my_custom_tag=MongoDB,
http_req_duration,1777962800,57.187400,,,,true,,GET,http://localhost:3000/movies,HTTP/1.1,default,,200,,,http://localhost:3000/movies,my_custom_tag=MongoDB,
http_req_blocked,1777962800,27.328900,,,,true,,GET,http://localhost:3000/movies,HTTP/1.1,default,,200,,,http://localhost:3000/movies,my_custom_tag=MongoDB,
http_req_connecting,1777962800,0.716400,,,,true,,GET,http://localhost:3000/movies,HTTP/1.1,default,,200,,,http://localhost:3000/movies,my_custom_tag=MongoDB,
http_req_tls_handshaking,1777962800,0.000000,,,,true,,GET,http://localhost:3000/movies,HTTP/1.1,default,,200,,,http://localhost:3000/movies,my_custom_tag=MongoDB,
http_req_sending,1777962800,0.000000,,,,true,,GET,http://localhost:3000/movies,HTTP/1.1,default,,200,,,http://localhost:3000/movies,my_custom_tag=MongoDB,
http_req_waiting,1777962800,56.214700,,,,true,,GET,http://localhost:3000/movies,HTTP/1.1,default,,200,,,http://localhost:3000/movies,my_custom_tag=MongoDB,
http_req_receiving,1777962800,0.972700,,,,true,,GET,http://localhost:3000/movies,HTTP/1.1,default,,200,,,http://localhost:3000/movies,my_custom_tag=MongoDB,
http_req_failed,1777962800,0.000000,,,,true,,GET,http://localhost:3000/movies,HTTP/1.1,default,,200,,,http://localhost:3000/movies,my_custom_tag=MongoDB,
http_reqs,1777962800,1.000000,,,,true,,GET,http://localhost:3000/movies,HTTP/1.1,default,,200,,,http://localhost:3000/movies,my_custom_tag=MongoDB,
http_req_duration,1777962800,65.983900,,,,true,,GET,http://localhost:3000/movies,HTTP/1.1,default,,200,,,http://localhost:3000/movies,my_custom_tag=MongoDB,
http_req_blocked,1777962800,29.654300,,,,true,,GET,http://localhost:3000/movies,HTTP/1.1,default,,200,,,http://localhost:3000/movies,my_custom_tag=MongoDB,
http_req_connecting,1777962800,3.041800,,,,true,,GET,http://localhost:3000/movies,HTTP/1.1,default,,200,,,http://localhost:3000/movies,my_custom_tag=MongoDB,
http_req_tls_handshaking,1777962800,0.000000,,,,true,,GET,http://localhost:3000/movies,HTTP/1.1,default,,200,,,http://localhost:3000/movies,my_custom_tag=MongoDB,
http_req_sending,1777962800,0.000000,,,,true,,GET,http://localhost:3000/movies,HTTP/1.1,default,,200,,,http://localhost:3000/movies,my_custom_tag=MongoDB,
http_req_waiting,1777962800,65.983900,,,,true,,GET,http://localhost:3000/movies,HTTP/1.1,default,,200,,,http://localhost:3000/movies,my_custom_tag=MongoDB,
http_req_receiving,1777962800,0.000000,,,,true,,GET,http://localhost:3000/movies,HTTP/1.1,default,,200,,,http://localhost:3000/movies,my_custom_tag=MongoDB,
http_req_failed,1777962800,0.000000,,,,true,,GET,http://localhost:3000/movies,HTTP/1.1,default,,200,,,http://localhost:3000/movies,my_custom_tag=MongoDB,
http_reqs,1777962800,1.000000,,,,true,,GET,http://localhost:3000/movies,HTTP/1.1,default,,200,,,http://localhost:3000/movies,my_custom_tag=MongoDB,
http_req_duration,1777962800,69.638000,,,,true,,GET,http://localhost:3000/movies,HTTP/1.1,default,,200,,,http://localhost:3000/movies,my_custom_tag=MongoDB,
http_req_blocked,1777962800,28.918400,,,,true,,GET,http://localhost:3000/movies,HTTP/1.1,default,,200,,,http://localhost:3000/movies,my_custom_tag=MongoDB,
http_req_connecting,1777962800,2.305900,,,,true,,GET,http://localhost:3000/movies,HTTP/1.1,default,,200,,,http://localhost:3000/movies,my_custom_tag=MongoDB,
http_req_tls_handshaking,1777962800,0.000000,,,,true,,GET,http://localhost:3000/movies,HTTP/1.1,default,,200,,,http://localhost:3000/movies,my_custom_tag=MongoDB,
http_req_sending,1777962800,0.000000,,,,true,,GET,http://localhost:3000/movies,HTTP/1.1,default,,200,,,http://localhost:3000/movies,my_custom_tag=MongoDB,
http_req_waiting,1777962800,69.638000,,,,true,,GET,http://localhost:3000/movies,HTTP/1.1,default,,200,,,http://localhost:3000/movies,my_custom_tag=MongoDB,
http_req_receiving,1777962800,0.000000,,,,true,,GET,http://localhost:3000/movies,HTTP/1.1,default,,200,,,http://localhost:3000/movies,my_custom_tag=MongoDB,
http_req_failed,1777962800,0.000000,,,,true,,GET,http://localhost:3000/movies,HTTP/1.1,default,,200,,,http://localhost:3000/movies,my_custom_tag=MongoDB,
http_reqs,1777962800,1.000000,,,,true,,GET,http://localhost:3000/movies,HTTP/1.1,default,,200,,,http://localhost:3000/movies,my_custom_tag=MongoDB,
http_req_duration,1777962800,79.673700,,,,true,,GET,http://localhost:3000/movies,HTTP/1.1,default,,200,,,http://localhost:3000/movies,my_custom_tag=MongoDB,
http_req_blocked,1777962800,27.328900,,,,true,,GET,http://localhost:3000/movies,HTTP/1.1,default,,200,,,http://localhost:3000/movies,my_custom_tag=MongoDB,
http_req_connecting,1777962800,1.237200,,,,true,,GET,http://localhost:3000/movies,HTTP/1.1,default,,200,,,http://localhost:3000/movies,my_custom_tag=MongoDB,
http_req_tls_handshaking,1777962800,0.000000,,,,true,,GET,http://localhost:3000/movies,HTTP/1.1,default,,200,,,http://localhost:3000/movies,my_custom_tag=MongoDB,
http_req_sending,1777962800,0.000000,,,,true,,GET,http://localhost:3000/movies,HTTP/1.1,default,,200,,,http://localhost:3000/movies,my_custom_tag=MongoDB,
http_req_waiting,1777962800,78.772600,,,,true,,GET,http://localhost:3000/movies,HTTP/1.1,default,,200,,,http://localhost:3000/movies,my_custom_tag=MongoDB,
http_req_receiving,1777962800,0.901100,,,,true,,GET,http://localhost:3000/movies,HTTP/1.1,default,,200,,,http://localhost:3000/movies,my_custom_tag=MongoDB,
http_req_failed,1777962800,0.000000,,,,true,,GET,http://localhost:3000/movies,HTTP/1.1,default,,200,,,http://localhost:3000/movies,my_custom_tag=MongoDB,
http_reqs,1777962800,1.000000,,,,true,,GET,http://localhost:3000/movies,HTTP/1.1,default,,200,,,http://localhost:3000/movies,my_custom_tag=MongoDB,
http_req_duration,1777962800,86.249900,,,,true,,GET,http://localhost:3000/movies,HTTP/1.1,default,,200,,,http://localhost:3000/movies,my_custom_tag=MongoDB,
http_req_blocked,1777962800,28.918400,,,,true,,GET,http://localhost:3000/movies,HTTP/1.1,default,,200,,,http://localhost:3000/movies,my_custom_tag=MongoDB,
http_req_connecting,1777962800,2.305900,,,,true,,GET,http://localhost:3000/movies,HTTP/1.1,default,,200,,,http://localhost:3000/movies,my_custom_tag=MongoDB,
http_req_tls_handshaking,1777962800,0.000000,,,,true,,GET,http://localhost:3000/movies,HTTP/1.1,default,,200,,,http://localhost:3000/movies,my_custom_tag=MongoDB,
http_req_sending,1777962800,0.000000,,,,true,,GET,http://localhost:3000/movies,HTTP/1.1,default,,200,,,http://localhost:3000/movies,my_custom_tag=MongoDB,
http_req_waiting,1777962800,86.249900,,,,true,,GET,http://localhost:3000/movies,HTTP/1.1,default,,200,,,http://localhost:3000/movies,my_custom_tag=MongoDB,
http_req_receiving,1777962800,0.000000,,,,true,,GET,http://localhost:3000/movies,HTTP/1.1,default,,200,,,http://localhost:3000/movies,my_custom_tag=MongoDB,
http_req_failed,1777962800,0.000000,,,,true,,GET,http://localhost:3000/movies,HTTP/1.1,default,,200,,,http://localhost:3000/movies,my_custom_tag=MongoDB,
http_reqs,1777962800,1.000000,,,,true,,GET,http://localhost:3000/recommend/s1,HTTP/1.1,default,,200,,,http://localhost:3000/recommend/s1,my_custom_tag=Neo4j,
http_req_duration,1777962800,202.919200,,,,true,,GET,http://localhost:3000/recommend/s1,HTTP/1.1,default,,200,,,http://localhost:3000/recommend/s1,my_custom_tag=Neo4j,
http_req_blocked,1777962800,0.000000,,,,true,,GET,http://localhost:3000/recommend/s1,HTTP/1.1,default,,200,,,http://localhost:3000/recommend/s1,my_custom_tag=Neo4j,
http_req_connecting,1777962800,0.000000,,,,true,,GET,http://localhost:3000/recommend/s1,HTTP/1.1,default,,200,,,http://localhost:3000/recommend/s1,my_custom_tag=Neo4j,
http_req_tls_handshaking,1777962800,0.000000,,,,true,,GET,http://localhost:3000/recommend/s1,HTTP/1.1,default,,200,,,http://localhost:3000/recommend/s1,my_custom_tag=Neo4j,
http_req_sending,1777962800,0.000000,,,,true,,GET,http://localhost:3000/recommend/s1,HTTP/1.1,default,,200,,,http://localhost:3000/recommend/s1,my_custom_tag=Neo4j,
http_req_waiting,1777962800,202.219200,,,,true,,GET,http://localhost:3000/recommend/s1,HTTP/1.1,default,,200,,,http://localhost:3000/recommend/s1,my_custom_tag=Neo4j,
http_req_receiving,1777962800,0.700000,,,,true,,GET,http://localhost:3000/recommend/s1,HTTP/1.1,default,,200,,,http://localhost:3000/recommend/s1,my_custom_tag=Neo4j,
http_req_failed,1777962800,0.000000,,,,true,,GET,http://localhost:3000/recommend/s1,HTTP/1.1,default,,200,,,http://localhost:3000/recommend/s1,my_custom_tag=Neo4j,
http_reqs,1777962800,1.000000,,,,true,,GET,http://localhost:3000/recommend/s1,HTTP/1.1,default,,200,,,http://localhost:3000/recommend/s1,my_custom_tag=Neo4j,
http_req_duration,1777962800,166.170300,,,,true,,GET,http://localhost:3000/recommend/s1,HTTP/1.1,default,,200,,,http://localhost:3000/recommend/s1,my_custom_tag=Neo4j,
http_req_blocked,1777962800,0.000000,,,,true,,GET,http://localhost:3000/recommend/s1,HTTP/1.1,default,,200,,,http://localhost:3000/recommend/s1,my_custom_tag=Neo4j,
http_req_connecting,1777962800,0.000000,,,,true,,GET,http://localhost:3000/recommend/s1,HTTP/1.1,default,,200,,,http://localhost:3000/recommend/s1,my_custom_tag=Neo4j,
http_req_tls_handshaking,1777962800,0.000000,,,,true,,GET,http://localhost:3000/recommend/s1,HTTP/1.1,default,,200,,,http://localhost:3000/recommend/s1,my_custom_tag=Neo4j,
http_req_sending,1777962800,0.000000,,,,true,,GET,http://localhost:3000/recommend/s1,HTTP/1.1,default,,200,,,http://localhost:3000/recommend/s1,my_custom_tag=Neo4j,
http_req_waiting,1777962800,166.170300,,,,true,,GET,http://localhost:3000/recommend/s1,HTTP/1.1,default,,200,,,http://localhost:3000/recommend/s1,my_custom_tag=Neo4j,
http_req_receiving,1777962800,0.000000,,,,true,,GET,http://localhost:3000/recommend/s1,HTTP/1.1,default,,200,,,http://localhost:3000/recommend/s1,my_custom_tag=Neo4j,
http_req_failed,1777962800,0.000000,,,,true,,GET,http://localhost:3000/recommend/s1,HTTP/1.1,default,,200,,,http://localhost:3000/recommend/s1,my_custom_tag=Neo4j,
http_reqs,1777962800,1.000000,,,,true,,GET,http://localhost:3000/recommend/s1,HTTP/1.1,default,,200,,,http://localhost:3000/recommend/s1,my_custom_tag=Neo4j,
http_req_duration,1777962800,183.900800,,,,true,,GET,http://localhost:3000/recommend/s1,HTTP/1.1,default,,200,,,http://localhost:3000/recommend/s1,my_custom_tag=Neo4j,
http_req_blocked,1777962800,0.000000,,,,true,,GET,http://localhost:3000/recommend/s1,HTTP/1.1,default,,200,,,http://localhost:3000/recommend/s1,my_custom_tag=Neo4j,
http_req_connecting,1777962800,0.000000,,,,true,,GET,http://localhost:3000/recommend/s1,HTTP/1.1,default,,200,,,http://localhost:3000/recommend/s1,my_custom_tag=Neo4j,
http_req_tls_handshaking,1777962800,0.000000,,,,true,,GET,http://localhost:3000/recommend/s1,HTTP/1.1,default,,200,,,http://localhost:3000/recommend/s1,my_custom_tag=Neo4j,
http_req_sending,1777962800,0.000000,,,,true,,GET,http://localhost:3000/recommend/s1,HTTP/1.1,default,,200,,,http://localhost:3000/recommend/s1,my_custom_tag=Neo4j,
http_req_waiting,1777962800,183.900800,,,,true,,GET,http://localhost:3000/recommend/s1,HTTP/1.1,default,,200,,,http://localhost:3000/recommend/s1,my_custom_tag=Neo4j,
http_req_receiving,1777962800,0.000000,,,,true,,GET,http://localhost:3000/recommend/s1,HTTP/1.1,default,,200,,,http://localhost:3000/recommend/s1,my_custom_tag=Neo4j,
http_req_failed,1777962800,0.000000,,,,true,,GET,http://localhost:3000/recommend/s1,HTTP/1.1,default,,200,,,http://localhost:3000/recommend/s1,my_custom_tag=Neo4j,
http_reqs,1777962800,1.000000,,,,true,,GET,http://localhost:3000/recommend/s1,HTTP/1.1,default,,200,,,http://localhost:3000/recommend/s1,my_custom_tag=Neo4j,
http_req_duration,1777962800,210.498700,,,,true,,GET,http://localhost:3000/recommend/s1,HTTP/1.1,default,,200,,,http://localhost:3000/recommend/s1,my_custom_tag=Neo4j,
http_req_blocked,1777962800,0.000000,,,,true,,GET,http://localhost:3000/recommend/s1,HTTP/1.1,default,,200,,,http://localhost:3000/recommend/s1,my_custom_tag=Neo4j,
http_req_connecting,1777962800,0.000000,,,,true,,GET,http://localhost:3000/recommend/s1,HTTP/1.1,default,,200,,,http://localhost:3000/recommend/s1,my_custom_tag=Neo4j,
http_req_tls_handshaking,1777962800,0.000000,,,,true,,GET,http://localhost:3000/recommend/s1,HTTP/1.1,default,,200,,,http://localhost:3000/recommend/s1,my_custom_tag=Neo4j,
http_req_sending,1777962800,0.000000,,,,true,,GET,http://localhost:3000/recommend/s1,HTTP/1.1,default,,200,,,http://localhost:3000/recommend/s1,my_custom_tag=Neo4j,
http_req_waiting,1777962800,210.498700,,,,true,,GET,http://localhost:3000/recommend/s1,HTTP/1.1,default,,200,,,http://localhost:3000/recommend/s1,my_custom_tag=Neo4j,
http_req_receiving,1777962800,0.000000,,,,true,,GET,http://localhost:3000/recommend/s1,HTTP/1.1,default,,200,,,http://localhost:3000/recommend/s1,my_custom_tag=Neo4j,
http_req_failed,1777962800,0.000000,,,,true,,GET,http://localhost:3000/recommend/s1,HTTP/1.1,default,,200,,,http://localhost:3000/recommend/s1,my_custom_tag=Neo4j,
http_reqs,1777962800,1.000000,,,,true,,GET,http://localhost:3000/recommend/s1,HTTP/1.1,default,,200,,,http://localhost:3000/recommend/s1,my_custom_tag=Neo4j,
http_req_duration,1777962800,215.559300,,,,true,,GET,http://localhost:3000/recommend/s1,HTTP/1.1,default,,200,,,http://localhost:3000/recommend/s1,my_custom_tag=Neo4j,
http_req_blocked,1777962800,0.000000,,,,true,,GET,http://localhost:3000/recommend/s1,HTTP/1.1,default,,200,,,http://localhost:3000/recommend/s1,my_custom_tag=Neo4j,
http_req_connecting,1777962800,0.000000,,,,true,,GET,http://localhost:3000/recommend/s1,HTTP/1.1,default,,200,,,http://localhost:3000/recommend/s1,my_custom_tag=Neo4j,
http_req_tls_handshaking,1777962800,0.000000,,,,true,,GET,http://localhost:3000/recommend/s1,HTTP/1.1,default,,200,,,http://localhost:3000/recommend/s1,my_custom_tag=Neo4j,
http_req_sending,1777962800,0.000000,,,,true,,GET,http://localhost:3000/recommend/s1,HTTP/1.1,default,,200,,,http://localhost:3000/recommend/s1,my_custom_tag=Neo4j,
http_req_waiting,1777962800,215.559300,,,,true,,GET,http://localhost:3000/recommend/s1,HTTP/1.1,default,,200,,,http://localhost:3000/recommend/s1,my_custom_tag=Neo4j,
http_req_receiving,1777962800,0.000000,,,,true,,GET,http://localhost:3000/recommend/s1,HTTP/1.1,default,,200,,,http://localhost:3000/recommend/s1,my_custom_tag=Neo4j,
http_req_failed,1777962800,0.000000,,,,true,,GET,http://localhost:3000/recommend/s1,HTTP/1.1,default,,200,,,http://localhost:3000/recommend/s1,my_custom_tag=Neo4j,
http_reqs,1777962800,1.000000,,,,true,,GET,http://localhost:3000/recommend/s1,HTTP/1.1,default,,200,,,http://localhost:3000/recommend/s1,my_custom_tag=Neo4j,
http_req_duration,1777962800,188.127300,,,,true,,GET,http://localhost:3000/recommend/s1,HTTP/1.1,default,,200,,,http://localhost:3000/recommend/s1,my_custom_tag=Neo4j,
http_req_blocked,1777962800,0.000000,,,,true,,GET,http://localhost:3000/recommend/s1,HTTP/1.1,default,,200,,,http://localhost:3000/recommend/s1,my_custom_tag=Neo4j,
http_req_connecting,1777962800,0.000000,,,,true,,GET,http://localhost:3000/recommend/s1,HTTP/1.1,default,,200,,,http://localhost:3000/recommend/s1,my_custom_tag=Neo4j,
http_req_tls_handshaking,1777962800,0.000000,,,,true,,GET,http://localhost:3000/recommend/s1,HTTP/1.1,default,,200,,,http://localhost:3000/recommend/s1,my_custom_tag=Neo4j,
http_req_sending,1777962800,0.000000,,,,true,,GET,http://localhost:3000/recommend/s1,HTTP/1.1,default,,200,,,http://localhost:3000/recommend/s1,my_custom_tag=Neo4j,
http_req_waiting,1777962800,188.127300,,,,true,,GET,http://localhost:3000/recommend/s1,HTTP/1.1,default,,200,,,http://localhost:3000/recommend/s1,my_custom_tag=Neo4j,
http_req_receiving,1777962800,0.000000,,,,true,,GET,http://localhost:3000/recommend/s1,HTTP/1.1,default,,200,,,http://localhost:3000/recommend/s1,my_custom_tag=Neo4j,
http_req_failed,1777962800,0.000000,,,,true,,GET,http://localhost:3000/recommend/s1,HTTP/1.1,default,,200,,,http://localhost:3000/recommend/s1,my_custom_tag=Neo4j,
http_reqs,1777962800,1.000000,,,,true,,GET,http://localhost:3000/recommend/s1,HTTP/1.1,default,,200,,,http://localhost:3000/recommend/s1,my_custom_tag=Neo4j,
http_req_duration,1777962800,200.111400,,,,true,,GET,http://localhost:3000/recommend/s1,HTTP/1.1,default,,200,,,http://localhost:3000/recommend/s1,my_custom_tag=Neo4j,
http_req_blocked,1777962800,0.000000,,,,true,,GET,http://localhost:3000/recommend/s1,HTTP/1.1,default,,200,,,http://localhost:3000/recommend/s1,my_custom_tag=Neo4j,
http_req_connecting,1777962800,0.000000,,,,true,,GET,http://localhost:3000/recommend/s1,HTTP/1.1,default,,200,,,http://localhost:3000/recommend/s1,my_custom_tag=Neo4j,
http_req_tls_handshaking,1777962800,0.000000,,,,true,,GET,http://localhost:3000/recommend/s1,HTTP/1.1,default,,200,,,http://localhost:3000/recommend/s1,my_custom_tag=Neo4j,
http_req_sending,1777962800,0.000000,,,,true,,GET,http://localhost:3000/recommend/s1,HTTP/1.1,default,,200,,,http://localhost:3000/recommend/s1,my_custom_tag=Neo4j,
http_req_waiting,1777962800,200.111400,,,,true,,GET,http://localhost:3000/recommend/s1,HTTP/1.1,default,,200,,,http://localhost:3000/recommend/s1,my_custom_tag=Neo4j,
http_req_receiving,1777962800,0.000000,,,,true,,GET,http://localhost:3000/recommend/s1,HTTP/1.1,default,,200,,,http://localhost:3000/recommend/s1,my_custom_tag=Neo4j,
http_req_failed,1777962800,0.000000,,,,true,,GET,http://localhost:3000/recommend/s1,HTTP/1.1,default,,200,,,http://localhost:3000/recommend/s1,my_custom_tag=Neo4j,
http_reqs,1777962800,1.000000,,,,true,,GET,http://localhost:3000/recommend/s1,HTTP/1.1,default,,200,,,http://localhost:3000/recommend/s1,my_custom_tag=Neo4j,
http_req_duration,1777962800,210.417800,,,,true,,GET,http://localhost:3000/recommend/s1,HTTP/1.1,default,,200,,,http://localhost:3000/recommend/s1,my_custom_tag=Neo4j,
http_req_blocked,1777962800,0.000000,,,,true,,GET,http://localhost:3000/recommend/s1,HTTP/1.1,default,,200,,,http://localhost:3000/recommend/s1,my_custom_tag=Neo4j,
http_req_connecting,1777962800,0.000000,,,,true,,GET,http://localhost:3000/recommend/s1,HTTP/1.1,default,,200,,,http://localhost:3000/recommend/s1,my_custom_tag=Neo4j,
http_req_tls_handshaking,1777962800,0.000000,,,,true,,GET,http://localhost:3000/recommend/s1,HTTP/1.1,default,,200,,,http://localhost:3000/recommend/s1,my_custom_tag=Neo4j,
http_req_sending,1777962800,0.000000,,,,true,,GET,http://localhost:3000/recommend/s1,HTTP/1.1,default,,200,,,http://localhost:3000/recommend/s1,my_custom_tag=Neo4j,
http_req_waiting,1777962800,210.417800,,,,true,,GET,http://localhost:3000/recommend/s1,HTTP/1.1,default,,200,,,http://localhost:3000/recommend/s1,my_custom_tag=Neo4j,
http_req_receiving,1777962800,0.000000,,,,true,,GET,http://localhost:3000/recommend/s1,HTTP/1.1,default,,200,,,http://localhost:3000/recommend/s1,my_custom_tag=Neo4j,
http_req_failed,1777962800,0.000000,,,,true,,GET,http://localhost:3000/recommend/s1,HTTP/1.1,default,,200,,,http://localhost:3000/recommend/s1,my_custom_tag=Neo4j,
http_reqs,1777962800,1.000000,,,,true,,GET,http://localhost:3000/recommend/s1,HTTP/1.1,default,,200,,,http://localhost:3000/recommend/s1,my_custom_tag=Neo4j,
http_req_duration,1777962800,178.228000,,,,true,,GET,http://localhost:3000/recommend/s1,HTTP/1.1,default,,200,,,http://localhost:3000/recommend/s1,my_custom_tag=Neo4j,
http_req_blocked,1777962800,0.000000,,,,true,,GET,http://localhost:3000/recommend/s1,HTTP/1.1,default,,200,,,http://localhost:3000/recommend/s1,my_custom_tag=Neo4j,
http_req_connecting,1777962800,0.000000,,,,true,,GET,http://localhost:3000/recommend/s1,HTTP/1.1,default,,200,,,http://localhost:3000/recommend/s1,my_custom_tag=Neo4j,
http_req_tls_handshaking,1777962800,0.000000,,,,true,,GET,http://localhost:3000/recommend/s1,HTTP/1.1,default,,200,,,http://localhost:3000/recommend/s1,my_custom_tag=Neo4j,
http_req_sending,1777962800,0.000000,,,,true,,GET,http://localhost:3000/recommend/s1,HTTP/1.1,default,,200,,,http://localhost:3000/recommend/s1,my_custom_tag=Neo4j,
http_req_waiting,1777962800,178.228000,,,,true,,GET,http://localhost:3000/recommend/s1,HTTP/1.1,default,,200,,,http://localhost:3000/recommend/s1,my_custom_tag=Neo4j,
http_req_receiving,1777962800,0.000000,,,,true,,GET,http://localhost:3000/recommend/s1,HTTP/1.1,default,,200,,,http://localhost:3000/recommend/s1,my_custom_tag=Neo4j,
http_req_failed,1777962800,0.000000,,,,true,,GET,http://localhost:3000/recommend/s1,HTTP/1.1,default,,200,,,http://localhost:3000/recommend/s1,my_custom_tag=Neo4j,
http_reqs,1777962800,1.000000,,,,true,,GET,http://localhost:3000/recommend/s1,HTTP/1.1,default,,200,,,http://localhost:3000/recommend/s1,my_custom_tag=Neo4j,
http_req_duration,1777962800,205.768500,,,,true,,GET,http://localhost:3000/recommend/s1,HTTP/1.1,default,,200,,,http://localhost:3000/recommend/s1,my_custom_tag=Neo4j,
http_req_blocked,1777962800,0.000000,,,,true,,GET,http://localhost:3000/recommend/s1,HTTP/1.1,default,,200,,,http://localhost:3000/recommend/s1,my_custom_tag=Neo4j,
http_req_connecting,1777962800,0.000000,,,,true,,GET,http://localhost:3000/recommend/s1,HTTP/1.1,default,,200,,,http://localhost:3000/recommend/s1,my_custom_tag=Neo4j,
http_req_tls_handshaking,1777962800,0.000000,,,,true,,GET,http://localhost:3000/recommend/s1,HTTP/1.1,default,,200,,,http://localhost:3000/recommend/s1,my_custom_tag=Neo4j,
http_req_sending,1777962800,0.000000,,,,true,,GET,http://localhost:3000/recommend/s1,HTTP/1.1,default,,200,,,http://localhost:3000/recommend/s1,my_custom_tag=Neo4j,
http_req_waiting,1777962800,205.768500,,,,true,,GET,http://localhost:3000/recommend/s1,HTTP/1.1,default,,200,,,http://localhost:3000/recommend/s1,my_custom_tag=Neo4j,
http_req_receiving,1777962800,0.000000,,,,true,,GET,http://localhost:3000/recommend/s1,HTTP/1.1,default,,200,,,http://localhost:3000/recommend/s1,my_custom_tag=Neo4j,
http_req_failed,1777962800,0.000000,,,,true,,GET,http://localhost:3000/recommend/s1,HTTP/1.1,default,,200,,,http://localhost:3000/recommend/s1,my_custom_tag=Neo4j,
vus,1777962800,10.000000,,,,,,,,,,,,,,,,
vus_max,1777962800,10.000000,,,,,,,,,,,,,,,,
data_sent,1777962801,166.000000,,,,,,,,,default,,,,,,,
data_received,1777962801,12811.000000,,,,,,,,,default,,,,,,,
iteration_duration,1777962801,1281.435900,,,,,,,,,default,,,,,,,
iterations,1777962801,1.000000,,,,,,,,,default,,,,,,,
data_sent,1777962801,166.000000,,,,,,,,,default,,,,,,,
data_received,1777962801,12811.000000,,,,,,,,,default,,,,,,,
iteration_duration,1777962801,1283.915100,,,,,,,,,default,,,,,,,
iterations,1777962801,1.000000,,,,,,,,,default,,,,,,,
data_sent,1777962801,166.000000,,,,,,,,,default,,,,,,,
data_received,1777962801,12811.000000,,,,,,,,,default,,,,,,,
iteration_duration,1777962801,1283.915100,,,,,,,,,default,,,,,,,
iterations,1777962801,1.000000,,,,,,,,,default,,,,,,,
data_sent,1777962801,166.000000,,,,,,,,,default,,,,,,,
data_received,1777962801,12811.000000,,,,,,,,,default,,,,,,,
iteration_duration,1777962801,1283.404300,,,,,,,,,default,,,,,,,
iterations,1777962801,1.000000,,,,,,,,,default,,,,,,,
data_sent,1777962801,166.000000,,,,,,,,,default,,,,,,,
data_received,1777962801,12811.000000,,,,,,,,,default,,,,,,,
iteration_duration,1777962801,1284.046600,,,,,,,,,default,,,,,,,
iterations,1777962801,1.000000,,,,,,,,,default,,,,,,,
data_sent,1777962801,166.000000,,,,,,,,,default,,,,,,,
data_received,1777962801,12811.000000,,,,,,,,,default,,,,,,,
iteration_duration,1777962801,1284.579100,,,,,,,,,default,,,,,,,
iterations,1777962801,1.000000,,,,,,,,,default,,,,,,,
data_sent,1777962801,166.000000,,,,,,,,,default,,,,,,,
data_received,1777962801,12811.000000,,,,,,,,,default,,,,,,,
iteration_duration,1777962801,1285.733100,,,,,,,,,default,,,,,,,
iterations,1777962801,1.000000,,,,,,,,,default,,,,,,,
data_sent,1777962801,166.000000,,,,,,,,,default,,,,,,,
data_received,1777962801,12811.000000,,,,,,,,,default,,,,,,,
iteration_duration,1777962801,1285.844600,,,,,,,,,default,,,,,,,
iterations,1777962801,1.000000,,,,,,,,,default,,,,,,,
data_sent,1777962801,166.000000,,,,,,,,,default,,,,,,,
data_received,1777962801,12811.000000,,,,,,,,,default,,,,,,,
iteration_duration,1777962801,1285.844600,,,,,,,,,default,,,,,,,
iterations,1777962801,1.000000,,,,,,,,,default,,,,,,,
data_sent,1777962801,166.000000,,,,,,,,,default,,,,,,,
data_received,1777962801,12811.000000,,,,,,,,,default,,,,,,,
iteration_duration,1777962801,1286.418600,,,,,,,,,default,,,,,,,
iterations,1777962801,1.000000,,,,,,,,,default,,,,,,,
http_reqs,1777962801,1.000000,,,,true,,GET,http://localhost:3000/movies,HTTP/1.1,default,,200,,,http://localhost:3000/movies,my_custom_tag=MongoDB,
http_req_duration,1777962801,14.422300,,,,true,,GET,http://localhost:3000/movies,HTTP/1.1,default,,200,,,http://localhost:3000/movies,my_custom_tag=MongoDB,
http_req_blocked,1777962801,0.000000,,,,true,,GET,http://localhost:3000/movies,HTTP/1.1,default,,200,,,http://localhost:3000/movies,my_custom_tag=MongoDB,
http_req_connecting,1777962801,0.000000,,,,true,,GET,http://localhost:3000/movies,HTTP/1.1,default,,200,,,http://localhost:3000/movies,my_custom_tag=MongoDB,
http_req_tls_handshaking,1777962801,0.000000,,,,true,,GET,http://localhost:3000/movies,HTTP/1.1,default,,200,,,http://localhost:3000/movies,my_custom_tag=MongoDB,
http_req_sending,1777962801,0.847100,,,,true,,GET,http://localhost:3000/movies,HTTP/1.1,default,,200,,,http://localhost:3000/movies,my_custom_tag=MongoDB,
http_req_waiting,1777962801,12.564700,,,,true,,GET,http://localhost:3000/movies,HTTP/1.1,default,,200,,,http://localhost:3000/movies,my_custom_tag=MongoDB,
http_req_receiving,1777962801,1.010500,,,,true,,GET,http://localhost:3000/movies,HTTP/1.1,default,,200,,,http://localhost:3000/movies,my_custom_tag=MongoDB,
http_req_failed,1777962801,0.000000,,,,true,,GET,http://localhost:3000/movies,HTTP/1.1,default,,200,,,http://localhost:3000/movies,my_custom_tag=MongoDB,
http_reqs,1777962801,1.000000,,,,true,,GET,http://localhost:3000/movies,HTTP/1.1,default,,200,,,http://localhost:3000/movies,my_custom_tag=MongoDB,
http_req_duration,1777962801,16.028400,,,,true,,GET,http://localhost:3000/movies,HTTP/1.1,default,,200,,,http://localhost:3000/movies,my_custom_tag=MongoDB,
http_req_blocked,1777962801,0.000000,,,,true,,GET,http://localhost:3000/movies,HTTP/1.1,default,,200,,,http://localhost:3000/movies,my_custom_tag=MongoDB,
http_req_connecting,1777962801,0.000000,,,,true,,GET,http://localhost:3000/movies,HTTP/1.1,default,,200,,,http://localhost:3000/movies,my_custom_tag=MongoDB,
http_req_tls_handshaking,1777962801,0.000000,,,,true,,GET,http://localhost:3000/movies,HTTP/1.1,default,,200,,,http://localhost:3000/movies,my_custom_tag=MongoDB,
http_req_sending,1777962801,0.000000,,,,true,,GET,http://localhost:3000/movies,HTTP/1.1,default,,200,,,http://localhost:3000/movies,my_custom_tag=MongoDB,
http_req_waiting,1777962801,16.028400,,,,true,,GET,http://localhost:3000/movies,HTTP/1.1,default,,200,,,http://localhost:3000/movies,my_custom_tag=MongoDB,
http_req_receiving,1777962801,0.000000,,,,true,,GET,http://localhost:3000/movies,HTTP/1.1,default,,200,,,http://localhost:3000/movies,my_custom_tag=MongoDB,
http_req_failed,1777962801,0.000000,,,,true,,GET,http://localhost:3000/movies,HTTP/1.1,default,,200,,,http://localhost:3000/movies,my_custom_tag=MongoDB,
http_reqs,1777962801,1.000000,,,,true,,GET,http://localhost:3000/movies,HTTP/1.1,default,,200,,,http://localhost:3000/movies,my_custom_tag=MongoDB,
http_req_duration,1777962801,17.194500,,,,true,,GET,http://localhost:3000/movies,HTTP/1.1,default,,200,,,http://localhost:3000/movies,my_custom_tag=MongoDB,
http_req_blocked,1777962801,0.000000,,,,true,,GET,http://localhost:3000/movies,HTTP/1.1,default,,200,,,http://localhost:3000/movies,my_custom_tag=MongoDB,
http_req_connecting,1777962801,0.000000,,,,true,,GET,http://localhost:3000/movies,HTTP/1.1,default,,200,,,http://localhost:3000/movies,my_custom_tag=MongoDB,
http_req_tls_handshaking,1777962801,0.000000,,,,true,,GET,http://localhost:3000/movies,HTTP/1.1,default,,200,,,http://localhost:3000/movies,my_custom_tag=MongoDB,
http_req_sending,1777962801,0.000000,,,,true,,GET,http://localhost:3000/movies,HTTP/1.1,default,,200,,,http://localhost:3000/movies,my_custom_tag=MongoDB,
http_req_waiting,1777962801,17.194500,,,,true,,GET,http://localhost:3000/movies,HTTP/1.1,default,,200,,,http://localhost:3000/movies,my_custom_tag=MongoDB,
http_req_receiving,1777962801,0.000000,,,,true,,GET,http://localhost:3000/movies,HTTP/1.1,default,,200,,,http://localhost:3000/movies,my_custom_tag=MongoDB,
http_req_failed,1777962801,0.000000,,,,true,,GET,http://localhost:3000/movies,HTTP/1.1,default,,200,,,http://localhost:3000/movies,my_custom_tag=MongoDB,
http_reqs,1777962801,1.000000,,,,true,,GET,http://localhost:3000/movies,HTTP/1.1,default,,200,,,http://localhost:3000/movies,my_custom_tag=MongoDB,
http_req_duration,1777962801,20.145400,,,,true,,GET,http://localhost:3000/movies,HTTP/1.1,default,,200,,,http://localhost:3000/movies,my_custom_tag=MongoDB,
http_req_blocked,1777962801,0.000000,,,,true,,GET,http://localhost:3000/movies,HTTP/1.1,default,,200,,,http://localhost:3000/movies,my_custom_tag=MongoDB,
http_req_connecting,1777962801,0.000000,,,,true,,GET,http://localhost:3000/movies,HTTP/1.1,default,,200,,,http://localhost:3000/movies,my_custom_tag=MongoDB,
http_req_tls_handshaking,1777962801,0.000000,,,,true,,GET,http://localhost:3000/movies,HTTP/1.1,default,,200,,,http://localhost:3000/movies,my_custom_tag=MongoDB,
http_req_sending,1777962801,0.000000,,,,true,,GET,http://localhost:3000/movies,HTTP/1.1,default,,200,,,http://localhost:3000/movies,my_custom_tag=MongoDB,
http_req_waiting,1777962801,19.446700,,,,true,,GET,http://localhost:3000/movies,HTTP/1.1,default,,200,,,http://localhost:3000/movies,my_custom_tag=MongoDB,
http_req_receiving,1777962801,0.698700,,,,true,,GET,http://localhost:3000/movies,HTTP/1.1,default,,200,,,http://localhost:3000/movies,my_custom_tag=MongoDB,
http_req_failed,1777962801,0.000000,,,,true,,GET,http://localhost:3000/movies,HTTP/1.1,default,,200,,,http://localhost:3000/movies,my_custom_tag=MongoDB,
http_reqs,1777962801,1.000000,,,,true,,GET,http://localhost:3000/movies,HTTP/1.1,default,,200,,,http://localhost:3000/movies,my_custom_tag=MongoDB,
http_req_duration,1777962801,28.781500,,,,true,,GET,http://localhost:3000/movies,HTTP/1.1,default,,200,,,http://localhost:3000/movies,my_custom_tag=MongoDB,
http_req_blocked,1777962801,0.000000,,,,true,,GET,http://localhost:3000/movies,HTTP/1.1,default,,200,,,http://localhost:3000/movies,my_custom_tag=MongoDB,
http_req_connecting,1777962801,0.000000,,,,true,,GET,http://localhost:3000/movies,HTTP/1.1,default,,200,,,http://localhost:3000/movies,my_custom_tag=MongoDB,
http_req_tls_handshaking,1777962801,0.000000,,,,true,,GET,http://localhost:3000/movies,HTTP/1.1,default,,200,,,http://localhost:3000/movies,my_custom_tag=MongoDB,
http_req_sending,1777962801,0.000000,,,,true,,GET,http://localhost:3000/movies,HTTP/1.1,default,,200,,,http://localhost:3000/movies,my_custom_tag=MongoDB,
http_req_waiting,1777962801,28.781500,,,,true,,GET,http://localhost:3000/movies,HTTP/1.1,default,,200,,,http://localhost:3000/movies,my_custom_tag=MongoDB,
http_req_receiving,1777962801,0.000000,,,,true,,GET,http://localhost:3000/movies,HTTP/1.1,default,,200,,,http://localhost:3000/movies,my_custom_tag=MongoDB,
http_req_failed,1777962801,0.000000,,,,true,,GET,http://localhost:3000/movies,HTTP/1.1,default,,200,,,http://localhost:3000/movies,my_custom_tag=MongoDB,
http_reqs,1777962801,1.000000,,,,true,,GET,http://localhost:3000/movies,HTTP/1.1,default,,200,,,http://localhost:3000/movies,my_custom_tag=MongoDB,
http_req_duration,1777962801,30.408800,,,,true,,GET,http://localhost:3000/movies,HTTP/1.1,default,,200,,,http://localhost:3000/movies,my_custom_tag=MongoDB,
http_req_blocked,1777962801,0.000000,,,,true,,GET,http://localhost:3000/movies,HTTP/1.1,default,,200,,,http://localhost:3000/movies,my_custom_tag=MongoDB,
http_req_connecting,1777962801,0.000000,,,,true,,GET,http://localhost:3000/movies,HTTP/1.1,default,,200,,,http://localhost:3000/movies,my_custom_tag=MongoDB,
http_req_tls_handshaking,1777962801,0.000000,,,,true,,GET,http://localhost:3000/movies,HTTP/1.1,default,,200,,,http://localhost:3000/movies,my_custom_tag=MongoDB,
http_req_sending,1777962801,0.000000,,,,true,,GET,http://localhost:3000/movies,HTTP/1.1,default,,200,,,http://localhost:3000/movies,my_custom_tag=MongoDB,
http_req_waiting,1777962801,29.403800,,,,true,,GET,http://localhost:3000/movies,HTTP/1.1,default,,200,,,http://localhost:3000/movies,my_custom_tag=MongoDB,
http_req_receiving,1777962801,1.005000,,,,true,,GET,http://localhost:3000/movies,HTTP/1.1,default,,200,,,http://localhost:3000/movies,my_custom_tag=MongoDB,
http_req_failed,1777962801,0.000000,,,,true,,GET,http://localhost:3000/movies,HTTP/1.1,default,,200,,,http://localhost:3000/movies,my_custom_tag=MongoDB,
http_reqs,1777962801,1.000000,,,,true,,GET,http://localhost:3000/movies,HTTP/1.1,default,,200,,,http://localhost:3000/movies,my_custom_tag=MongoDB,
http_req_duration,1777962801,38.923000,,,,true,,GET,http://localhost:3000/movies,HTTP/1.1,default,,200,,,http://localhost:3000/movies,my_custom_tag=MongoDB,
http_req_blocked,1777962801,0.000000,,,,true,,GET,http://localhost:3000/movies,HTTP/1.1,default,,200,,,http://localhost:3000/movies,my_custom_tag=MongoDB,
http_req_connecting,1777962801,0.000000,,,,true,,GET,http://localhost:3000/movies,HTTP/1.1,default,,200,,,http://localhost:3000/movies,my_custom_tag=MongoDB,
http_req_tls_handshaking,1777962801,0.000000,,,,true,,GET,http://localhost:3000/movies,HTTP/1.1,default,,200,,,http://localhost:3000/movies,my_custom_tag=MongoDB,
http_req_sending,1777962801,0.000000,,,,true,,GET,http://localhost:3000/movies,HTTP/1.1,default,,200,,,http://localhost:3000/movies,my_custom_tag=MongoDB,
http_req_waiting,1777962801,37.974300,,,,true,,GET,http://localhost:3000/movies,HTTP/1.1,default,,200,,,http://localhost:3000/movies,my_custom_tag=MongoDB,
http_req_receiving,1777962801,0.948700,,,,true,,GET,http://localhost:3000/movies,HTTP/1.1,default,,200,,,http://localhost:3000/movies,my_custom_tag=MongoDB,
http_req_failed,1777962801,0.000000,,,,true,,GET,http://localhost:3000/movies,HTTP/1.1,default,,200,,,http://localhost:3000/movies,my_custom_tag=MongoDB,
http_reqs,1777962801,1.000000,,,,true,,GET,http://localhost:3000/movies,HTTP/1.1,default,,200,,,http://localhost:3000/movies,my_custom_tag=MongoDB,
http_req_duration,1777962801,43.520800,,,,true,,GET,http://localhost:3000/movies,HTTP/1.1,default,,200,,,http://localhost:3000/movies,my_custom_tag=MongoDB,
http_req_blocked,1777962801,0.000000,,,,true,,GET,http://localhost:3000/movies,HTTP/1.1,default,,200,,,http://localhost:3000/movies,my_custom_tag=MongoDB,
http_req_connecting,1777962801,0.000000,,,,true,,GET,http://localhost:3000/movies,HTTP/1.1,default,,200,,,http://localhost:3000/movies,my_custom_tag=MongoDB,
http_req_tls_handshaking,1777962801,0.000000,,,,true,,GET,http://localhost:3000/movies,HTTP/1.1,default,,200,,,http://localhost:3000/movies,my_custom_tag=MongoDB,
http_req_sending,1777962801,0.000000,,,,true,,GET,http://localhost:3000/movies,HTTP/1.1,default,,200,,,http://localhost:3000/movies,my_custom_tag=MongoDB,
http_req_waiting,1777962801,43.520800,,,,true,,GET,http://localhost:3000/movies,HTTP/1.1,default,,200,,,http://localhost:3000/movies,my_custom_tag=MongoDB,
http_req_receiving,1777962801,0.000000,,,,true,,GET,http://localhost:3000/movies,HTTP/1.1,default,,200,,,http://localhost:3000/movies,my_custom_tag=MongoDB,
http_req_failed,1777962801,0.000000,,,,true,,GET,http://localhost:3000/movies,HTTP/1.1,default,,200,,,http://localhost:3000/movies,my_custom_tag=MongoDB,
http_reqs,1777962801,1.000000,,,,true,,GET,http://localhost:3000/recommend/s1,HTTP/1.1,default,,200,,,http://localhost:3000/recommend/s1,my_custom_tag=Neo4j,
http_req_duration,1777962801,45.018300,,,,true,,GET,http://localhost:3000/recommend/s1,HTTP/1.1,default,,200,,,http://localhost:3000/recommend/s1,my_custom_tag=Neo4j,
http_req_blocked,1777962801,0.000000,,,,true,,GET,http://localhost:3000/recommend/s1,HTTP/1.1,default,,200,,,http://localhost:3000/recommend/s1,my_custom_tag=Neo4j,
http_req_connecting,1777962801,0.000000,,,,true,,GET,http://localhost:3000/recommend/s1,HTTP/1.1,default,,200,,,http://localhost:3000/recommend/s1,my_custom_tag=Neo4j,
http_req_tls_handshaking,1777962801,0.000000,,,,true,,GET,http://localhost:3000/recommend/s1,HTTP/1.1,default,,200,,,http://localhost:3000/recommend/s1,my_custom_tag=Neo4j,
http_req_sending,1777962801,0.000000,,,,true,,GET,http://localhost:3000/recommend/s1,HTTP/1.1,default,,200,,,http://localhost:3000/recommend/s1,my_custom_tag=Neo4j,
http_req_waiting,1777962801,44.262100,,,,true,,GET,http://localhost:3000/recommend/s1,HTTP/1.1,default,,200,,,http://localhost:3000/recommend/s1,my_custom_tag=Neo4j,
http_req_receiving,1777962801,0.756200,,,,true,,GET,http://localhost:3000/recommend/s1,HTTP/1.1,default,,200,,,http://localhost:3000/recommend/s1,my_custom_tag=Neo4j,
http_req_failed,1777962801,0.000000,,,,true,,GET,http://localhost:3000/recommend/s1,HTTP/1.1,default,,200,,,http://localhost:3000/recommend/s1,my_custom_tag=Neo4j,
http_reqs,1777962801,1.000000,,,,true,,GET,http://localhost:3000/recommend/s1,HTTP/1.1,default,,200,,,http://localhost:3000/recommend/s1,my_custom_tag=Neo4j,
http_req_duration,1777962801,41.443800,,,,true,,GET,http://localhost:3000/recommend/s1,HTTP/1.1,default,,200,,,http://localhost:3000/recommend/s1,my_custom_tag=Neo4j,
http_req_blocked,1777962801,0.000000,,,,true,,GET,http://localhost:3000/recommend/s1,HTTP/1.1,default,,200,,,http://localhost:3000/recommend/s1,my_custom_tag=Neo4j,
http_req_connecting,1777962801,0.000000,,,,true,,GET,http://localhost:3000/recommend/s1,HTTP/1.1,default,,200,,,http://localhost:3000/recommend/s1,my_custom_tag=Neo4j,
http_req_tls_handshaking,1777962801,0.000000,,,,true,,GET,http://localhost:3000/recommend/s1,HTTP/1.1,default,,200,,,http://localhost:3000/recommend/s1,my_custom_tag=Neo4j,
http_req_sending,1777962801,0.000000,,,,true,,GET,http://localhost:3000/recommend/s1,HTTP/1.1,default,,200,,,http://localhost:3000/recommend/s1,my_custom_tag=Neo4j,
http_req_waiting,1777962801,41.443800,,,,true,,GET,http://localhost:3000/recommend/s1,HTTP/1.1,default,,200,,,http://localhost:3000/recommend/s1,my_custom_tag=Neo4j,
http_req_receiving,1777962801,0.000000,,,,true,,GET,http://localhost:3000/recommend/s1,HTTP/1.1,default,,200,,,http://localhost:3000/recommend/s1,my_custom_tag=Neo4j,
http_req_failed,1777962801,0.000000,,,,true,,GET,http://localhost:3000/recommend/s1,HTTP/1.1,default,,200,,,http://localhost:3000/recommend/s1,my_custom_tag=Neo4j,
http_reqs,1777962801,1.000000,,,,true,,GET,http://localhost:3000/recommend/s1,HTTP/1.1,default,,200,,,http://localhost:3000/recommend/s1,my_custom_tag=Neo4j,
http_req_duration,1777962801,43.379100,,,,true,,GET,http://localhost:3000/recommend/s1,HTTP/1.1,default,,200,,,http://localhost:3000/recommend/s1,my_custom_tag=Neo4j,
http_req_blocked,1777962801,0.000000,,,,true,,GET,http://localhost:3000/recommend/s1,HTTP/1.1,default,,200,,,http://localhost:3000/recommend/s1,my_custom_tag=Neo4j,
http_req_connecting,1777962801,0.000000,,,,true,,GET,http://localhost:3000/recommend/s1,HTTP/1.1,default,,200,,,http://localhost:3000/recommend/s1,my_custom_tag=Neo4j,
http_req_tls_handshaking,1777962801,0.000000,,,,true,,GET,http://localhost:3000/recommend/s1,HTTP/1.1,default,,200,,,http://localhost:3000/recommend/s1,my_custom_tag=Neo4j,
http_req_sending,1777962801,0.520900,,,,true,,GET,http://localhost:3000/recommend/s1,HTTP/1.1,default,,200,,,http://localhost:3000/recommend/s1,my_custom_tag=Neo4j,
http_req_waiting,1777962801,42.858200,,,,true,,GET,http://localhost:3000/recommend/s1,HTTP/1.1,default,,200,,,http://localhost:3000/recommend/s1,my_custom_tag=Neo4j,
http_req_receiving,1777962801,0.000000,,,,true,,GET,http://localhost:3000/recommend/s1,HTTP/1.1,default,,200,,,http://localhost:3000/recommend/s1,my_custom_tag=Neo4j,
http_req_failed,1777962801,0.000000,,,,true,,GET,http://localhost:3000/recommend/s1,HTTP/1.1,default,,200,,,http://localhost:3000/recommend/s1,my_custom_tag=Neo4j,
http_reqs,1777962801,1.000000,,,,true,,GET,http://localhost:3000/recommend/s1,HTTP/1.1,default,,200,,,http://localhost:3000/recommend/s1,my_custom_tag=Neo4j,
http_req_duration,1777962801,49.084700,,,,true,,GET,http://localhost:3000/recommend/s1,HTTP/1.1,default,,200,,,http://localhost:3000/recommend/s1,my_custom_tag=Neo4j,
http_req_blocked,1777962801,0.000000,,,,true,,GET,http://localhost:3000/recommend/s1,HTTP/1.1,default,,200,,,http://localhost:3000/recommend/s1,my_custom_tag=Neo4j,
http_req_connecting,1777962801,0.000000,,,,true,,GET,http://localhost:3000/recommend/s1,HTTP/1.1,default,,200,,,http://localhost:3000/recommend/s1,my_custom_tag=Neo4j,
http_req_tls_handshaking,1777962801,0.000000,,,,true,,GET,http://localhost:3000/recommend/s1,HTTP/1.1,default,,200,,,http://localhost:3000/recommend/s1,my_custom_tag=Neo4j,
http_req_sending,1777962801,0.000000,,,,true,,GET,http://localhost:3000/recommend/s1,HTTP/1.1,default,,200,,,http://localhost:3000/recommend/s1,my_custom_tag=Neo4j,
http_req_waiting,1777962801,48.430600,,,,true,,GET,http://localhost:3000/recommend/s1,HTTP/1.1,default,,200,,,http://localhost:3000/recommend/s1,my_custom_tag=Neo4j,
http_req_receiving,1777962801,0.654100,,,,true,,GET,http://localhost:3000/recommend/s1,HTTP/1.1,default,,200,,,http://localhost:3000/recommend/s1,my_custom_tag=Neo4j,
http_req_failed,1777962801,0.000000,,,,true,,GET,http://localhost:3000/recommend/s1,HTTP/1.1,default,,200,,,http://localhost:3000/recommend/s1,my_custom_tag=Neo4j,
http_reqs,1777962801,1.000000,,,,true,,GET,http://localhost:3000/recommend/s1,HTTP/1.1,default,,200,,,http://localhost:3000/recommend/s1,my_custom_tag=Neo4j,
http_req_duration,1777962801,39.498600,,,,true,,GET,http://localhost:3000/recommend/s1,HTTP/1.1,default,,200,,,http://localhost:3000/recommend/s1,my_custom_tag=Neo4j,
http_req_blocked,1777962801,0.000000,,,,true,,GET,http://localhost:3000/recommend/s1,HTTP/1.1,default,,200,,,http://localhost:3000/recommend/s1,my_custom_tag=Neo4j,
http_req_connecting,1777962801,0.000000,,,,true,,GET,http://localhost:3000/recommend/s1,HTTP/1.1,default,,200,,,http://localhost:3000/recommend/s1,my_custom_tag=Neo4j,
http_req_tls_handshaking,1777962801,0.000000,,,,true,,GET,http://localhost:3000/recommend/s1,HTTP/1.1,default,,200,,,http://localhost:3000/recommend/s1,my_custom_tag=Neo4j,
http_req_sending,1777962801,1.005000,,,,true,,GET,http://localhost:3000/recommend/s1,HTTP/1.1,default,,200,,,http://localhost:3000/recommend/s1,my_custom_tag=Neo4j,
http_req_waiting,1777962801,37.516500,,,,true,,GET,http://localhost:3000/recommend/s1,HTTP/1.1,default,,200,,,http://localhost:3000/recommend/s1,my_custom_tag=Neo4j,
http_req_receiving,1777962801,0.977100,,,,true,,GET,http://localhost:3000/recommend/s1,HTTP/1.1,default,,200,,,http://localhost:3000/recommend/s1,my_custom_tag=Neo4j,
http_req_failed,1777962801,0.000000,,,,true,,GET,http://localhost:3000/recommend/s1,HTTP/1.1,default,,200,,,http://localhost:3000/recommend/s1,my_custom_tag=Neo4j,
http_reqs,1777962801,1.000000,,,,true,,GET,http://localhost:3000/recommend/s1,HTTP/1.1,default,,200,,,http://localhost:3000/recommend/s1,my_custom_tag=Neo4j,
http_req_duration,1777962801,30.894000,,,,true,,GET,http://localhost:3000/recommend/s1,HTTP/1.1,default,,200,,,http://localhost:3000/recommend/s1,my_custom_tag=Neo4j,
http_req_blocked,1777962801,0.000000,,,,true,,GET,http://localhost:3000/recommend/s1,HTTP/1.1,default,,200,,,http://localhost:3000/recommend/s1,my_custom_tag=Neo4j,
http_req_connecting,1777962801,0.000000,,,,true,,GET,http://localhost:3000/recommend/s1,HTTP/1.1,default,,200,,,http://localhost:3000/recommend/s1,my_custom_tag=Neo4j,
http_req_tls_handshaking,1777962801,0.000000,,,,true,,GET,http://localhost:3000/recommend/s1,HTTP/1.1,default,,200,,,http://localhost:3000/recommend/s1,my_custom_tag=Neo4j,
http_req_sending,1777962801,0.000000,,,,true,,GET,http://localhost:3000/recommend/s1,HTTP/1.1,default,,200,,,http://localhost:3000/recommend/s1,my_custom_tag=Neo4j,
http_req_waiting,1777962801,30.894000,,,,true,,GET,http://localhost:3000/recommend/s1,HTTP/1.1,default,,200,,,http://localhost:3000/recommend/s1,my_custom_tag=Neo4j,
http_req_receiving,1777962801,0.000000,,,,true,,GET,http://localhost:3000/recommend/s1,HTTP/1.1,default,,200,,,http://localhost:3000/recommend/s1,my_custom_tag=Neo4j,
http_req_failed,1777962801,0.000000,,,,true,,GET,http://localhost:3000/recommend/s1,HTTP/1.1,default,,200,,,http://localhost:3000/recommend/s1,my_custom_tag=Neo4j,
http_reqs,1777962801,1.000000,,,,true,,GET,http://localhost:3000/recommend/s1,HTTP/1.1,default,,200,,,http://localhost:3000/recommend/s1,my_custom_tag=Neo4j,
http_req_duration,1777962801,40.029400,,,,true,,GET,http://localhost:3000/recommend/s1,HTTP/1.1,default,,200,,,http://localhost:3000/recommend/s1,my_custom_tag=Neo4j,
http_req_blocked,1777962801,0.000000,,,,true,,GET,http://localhost:3000/recommend/s1,HTTP/1.1,default,,200,,,http://localhost:3000/recommend/s1,my_custom_tag=Neo4j,
http_req_connecting,1777962801,0.000000,,,,true,,GET,http://localhost:3000/recommend/s1,HTTP/1.1,default,,200,,,http://localhost:3000/recommend/s1,my_custom_tag=Neo4j,
http_req_tls_handshaking,1777962801,0.000000,,,,true,,GET,http://localhost:3000/recommend/s1,HTTP/1.1,default,,200,,,http://localhost:3000/recommend/s1,my_custom_tag=Neo4j,
http_req_sending,1777962801,0.000000,,,,true,,GET,http://localhost:3000/recommend/s1,HTTP/1.1,default,,200,,,http://localhost:3000/recommend/s1,my_custom_tag=Neo4j,
http_req_waiting,1777962801,40.029400,,,,true,,GET,http://localhost:3000/recommend/s1,HTTP/1.1,default,,200,,,http://localhost:3000/recommend/s1,my_custom_tag=Neo4j,
http_req_receiving,1777962801,0.000000,,,,true,,GET,http://localhost:3000/recommend/s1,HTTP/1.1,default,,200,,,http://localhost:3000/recommend/s1,my_custom_tag=Neo4j,
http_req_failed,1777962801,0.000000,,,,true,,GET,http://localhost:3000/recommend/s1,HTTP/1.1,default,,200,,,http://localhost:3000/recommend/s1,my_custom_tag=Neo4j,
http_reqs,1777962801,1.000000,,,,true,,GET,http://localhost:3000/movies,HTTP/1.1,default,,200,,,http://localhost:3000/movies,my_custom_tag=MongoDB,
http_req_duration,1777962801,72.750600,,,,true,,GET,http://localhost:3000/movies,HTTP/1.1,default,,200,,,http://localhost:3000/movies,my_custom_tag=MongoDB,
http_req_blocked,1777962801,0.000000,,,,true,,GET,http://localhost:3000/movies,HTTP/1.1,default,,200,,,http://localhost:3000/movies,my_custom_tag=MongoDB,
http_req_connecting,1777962801,0.000000,,,,true,,GET,http://localhost:3000/movies,HTTP/1.1,default,,200,,,http://localhost:3000/movies,my_custom_tag=MongoDB,
http_req_tls_handshaking,1777962801,0.000000,,,,true,,GET,http://localhost:3000/movies,HTTP/1.1,default,,200,,,http://localhost:3000/movies,my_custom_tag=MongoDB,
http_req_sending,1777962801,0.000000,,,,true,,GET,http://localhost:3000/movies,HTTP/1.1,default,,200,,,http://localhost:3000/movies,my_custom_tag=MongoDB,
http_req_waiting,1777962801,72.180600,,,,true,,GET,http://localhost:3000/movies,HTTP/1.1,default,,200,,,http://localhost:3000/movies,my_custom_tag=MongoDB,
http_req_receiving,1777962801,0.570000,,,,true,,GET,http://localhost:3000/movies,HTTP/1.1,default,,200,,,http://localhost:3000/movies,my_custom_tag=MongoDB,
http_req_failed,1777962801,0.000000,,,,true,,GET,http://localhost:3000/movies,HTTP/1.1,default,,200,,,http://localhost:3000/movies,my_custom_tag=MongoDB,
http_reqs,1777962801,1.000000,,,,true,,GET,http://localhost:3000/movies,HTTP/1.1,default,,200,,,http://localhost:3000/movies,my_custom_tag=MongoDB,
http_req_duration,1777962801,74.852300,,,,true,,GET,http://localhost:3000/movies,HTTP/1.1,default,,200,,,http://localhost:3000/movies,my_custom_tag=MongoDB,
http_req_blocked,1777962801,0.000000,,,,true,,GET,http://localhost:3000/movies,HTTP/1.1,default,,200,,,http://localhost:3000/movies,my_custom_tag=MongoDB,
http_req_connecting,1777962801,0.000000,,,,true,,GET,http://localhost:3000/movies,HTTP/1.1,default,,200,,,http://localhost:3000/movies,my_custom_tag=MongoDB,
http_req_tls_handshaking,1777962801,0.000000,,,,true,,GET,http://localhost:3000/movies,HTTP/1.1,default,,200,,,http://localhost:3000/movies,my_custom_tag=MongoDB,
http_req_sending,1777962801,0.000000,,,,true,,GET,http://localhost:3000/movies,HTTP/1.1,default,,200,,,http://localhost:3000/movies,my_custom_tag=MongoDB,
http_req_waiting,1777962801,74.852300,,,,true,,GET,http://localhost:3000/movies,HTTP/1.1,default,,200,,,http://localhost:3000/movies,my_custom_tag=MongoDB,
http_req_receiving,1777962801,0.000000,,,,true,,GET,http://localhost:3000/movies,HTTP/1.1,default,,200,,,http://localhost:3000/movies,my_custom_tag=MongoDB,
http_req_failed,1777962801,0.000000,,,,true,,GET,http://localhost:3000/movies,HTTP/1.1,default,,200,,,http://localhost:3000/movies,my_custom_tag=MongoDB,
http_reqs,1777962801,1.000000,,,,true,,GET,http://localhost:3000/recommend/s1,HTTP/1.1,default,,200,,,http://localhost:3000/recommend/s1,my_custom_tag=Neo4j,
http_req_duration,1777962801,33.467400,,,,true,,GET,http://localhost:3000/recommend/s1,HTTP/1.1,default,,200,,,http://localhost:3000/recommend/s1,my_custom_tag=Neo4j,
http_req_blocked,1777962801,0.000000,,,,true,,GET,http://localhost:3000/recommend/s1,HTTP/1.1,default,,200,,,http://localhost:3000/recommend/s1,my_custom_tag=Neo4j,
http_req_connecting,1777962801,0.000000,,,,true,,GET,http://localhost:3000/recommend/s1,HTTP/1.1,default,,200,,,http://localhost:3000/recommend/s1,my_custom_tag=Neo4j,
http_req_tls_handshaking,1777962801,0.000000,,,,true,,GET,http://localhost:3000/recommend/s1,HTTP/1.1,default,,200,,,http://localhost:3000/recommend/s1,my_custom_tag=Neo4j,
http_req_sending,1777962801,0.000000,,,,true,,GET,http://localhost:3000/recommend/s1,HTTP/1.1,default,,200,,,http://localhost:3000/recommend/s1,my_custom_tag=Neo4j,
http_req_waiting,1777962801,33.467400,,,,true,,GET,http://localhost:3000/recommend/s1,HTTP/1.1,default,,200,,,http://localhost:3000/recommend/s1,my_custom_tag=Neo4j,
http_req_receiving,1777962801,0.000000,,,,true,,GET,http://localhost:3000/recommend/s1,HTTP/1.1,default,,200,,,http://localhost:3000/recommend/s1,my_custom_tag=Neo4j,
http_req_failed,1777962801,0.000000,,,,true,,GET,http://localhost:3000/recommend/s1,HTTP/1.1,default,,200,,,http://localhost:3000/recommend/s1,my_custom_tag=Neo4j,
http_reqs,1777962801,1.000000,,,,true,,GET,http://localhost:3000/recommend/s1,HTTP/1.1,default,,200,,,http://localhost:3000/recommend/s1,my_custom_tag=Neo4j,
http_req_duration,1777962801,14.890600,,,,true,,GET,http://localhost:3000/recommend/s1,HTTP/1.1,default,,200,,,http://localhost:3000/recommend/s1,my_custom_tag=Neo4j,
http_req_blocked,1777962801,0.000000,,,,true,,GET,http://localhost:3000/recommend/s1,HTTP/1.1,default,,200,,,http://localhost:3000/recommend/s1,my_custom_tag=Neo4j,
http_req_connecting,1777962801,0.000000,,,,true,,GET,http://localhost:3000/recommend/s1,HTTP/1.1,default,,200,,,http://localhost:3000/recommend/s1,my_custom_tag=Neo4j,
http_req_tls_handshaking,1777962801,0.000000,,,,true,,GET,http://localhost:3000/recommend/s1,HTTP/1.1,default,,200,,,http://localhost:3000/recommend/s1,my_custom_tag=Neo4j,
http_req_sending,1777962801,0.000000,,,,true,,GET,http://localhost:3000/recommend/s1,HTTP/1.1,default,,200,,,http://localhost:3000/recommend/s1,my_custom_tag=Neo4j,
http_req_waiting,1777962801,14.210900,,,,true,,GET,http://localhost:3000/recommend/s1,HTTP/1.1,default,,200,,,http://localhost:3000/recommend/s1,my_custom_tag=Neo4j,
http_req_receiving,1777962801,0.679700,,,,true,,GET,http://localhost:3000/recommend/s1,HTTP/1.1,default,,200,,,http://localhost:3000/recommend/s1,my_custom_tag=Neo4j,
http_req_failed,1777962801,0.000000,,,,true,,GET,http://localhost:3000/recommend/s1,HTTP/1.1,default,,200,,,http://localhost:3000/recommend/s1,my_custom_tag=Neo4j,
http_reqs,1777962801,1.000000,,,,true,,GET,http://localhost:3000/recommend/s1,HTTP/1.1,default,,200,,,http://localhost:3000/recommend/s1,my_custom_tag=Neo4j,
http_req_duration,1777962801,13.274900,,,,true,,GET,http://localhost:3000/recommend/s1,HTTP/1.1,default,,200,,,http://localhost:3000/recommend/s1,my_custom_tag=Neo4j,
http_req_blocked,1777962801,0.000000,,,,true,,GET,http://localhost:3000/recommend/s1,HTTP/1.1,default,,200,,,http://localhost:3000/recommend/s1,my_custom_tag=Neo4j,
http_req_connecting,1777962801,0.000000,,,,true,,GET,http://localhost:3000/recommend/s1,HTTP/1.1,default,,200,,,http://localhost:3000/recommend/s1,my_custom_tag=Neo4j,
http_req_tls_handshaking,1777962801,0.000000,,,,true,,GET,http://localhost:3000/recommend/s1,HTTP/1.1,default,,200,,,http://localhost:3000/recommend/s1,my_custom_tag=Neo4j,
http_req_sending,1777962801,0.000000,,,,true,,GET,http://localhost:3000/recommend/s1,HTTP/1.1,default,,200,,,http://localhost:3000/recommend/s1,my_custom_tag=Neo4j,
http_req_waiting,1777962801,12.767300,,,,true,,GET,http://localhost:3000/recommend/s1,HTTP/1.1,default,,200,,,http://localhost:3000/recommend/s1,my_custom_tag=Neo4j,
http_req_receiving,1777962801,0.507600,,,,true,,GET,http://localhost:3000/recommend/s1,HTTP/1.1,default,,200,,,http://localhost:3000/recommend/s1,my_custom_tag=Neo4j,
http_req_failed,1777962801,0.000000,,,,true,,GET,http://localhost:3000/recommend/s1,HTTP/1.1,default,,200,,,http://localhost:3000/recommend/s1,my_custom_tag=Neo4j,
vus,1777962801,10.000000,,,,,,,,,,,,,,,,
vus_max,1777962801,10.000000,,,,,,,,,,,,,,,,
data_sent,1777962802,166.000000,,,,,,,,,default,,,,,,,
data_received,1777962802,12811.000000,,,,,,,,,default,,,,,,,
iteration_duration,1777962802,1059.732800,,,,,,,,,default,,,,,,,
iterations,1777962802,1.000000,,,,,,,,,default,,,,,,,
data_sent,1777962802,166.000000,,,,,,,,,default,,,,,,,
data_received,1777962802,12811.000000,,,,,,,,,default,,,,,,,
iteration_duration,1777962802,1058.502800,,,,,,,,,default,,,,,,,
iterations,1777962802,1.000000,,,,,,,,,default,,,,,,,
data_sent,1777962802,166.000000,,,,,,,,,default,,,,,,,
data_received,1777962802,12811.000000,,,,,,,,,default,,,,,,,
iteration_duration,1777962802,1061.517600,,,,,,,,,default,,,,,,,
iterations,1777962802,1.000000,,,,,,,,,default,,,,,,,
http_reqs,1777962802,1.000000,,,,true,,GET,http://localhost:3000/movies,HTTP/1.1,default,,200,,,http://localhost:3000/movies,my_custom_tag=MongoDB,
http_req_duration,1777962802,7.468800,,,,true,,GET,http://localhost:3000/movies,HTTP/1.1,default,,200,,,http://localhost:3000/movies,my_custom_tag=MongoDB,
http_req_blocked,1777962802,0.000000,,,,true,,GET,http://localhost:3000/movies,HTTP/1.1,default,,200,,,http://localhost:3000/movies,my_custom_tag=MongoDB,
http_req_connecting,1777962802,0.000000,,,,true,,GET,http://localhost:3000/movies,HTTP/1.1,default,,200,,,http://localhost:3000/movies,my_custom_tag=MongoDB,
http_req_tls_handshaking,1777962802,0.000000,,,,true,,GET,http://localhost:3000/movies,HTTP/1.1,default,,200,,,http://localhost:3000/movies,my_custom_tag=MongoDB,
http_req_sending,1777962802,0.000000,,,,true,,GET,http://localhost:3000/movies,HTTP/1.1,default,,200,,,http://localhost:3000/movies,my_custom_tag=MongoDB,
http_req_waiting,1777962802,7.468800,,,,true,,GET,http://localhost:3000/movies,HTTP/1.1,default,,200,,,http://localhost:3000/movies,my_custom_tag=MongoDB,
http_req_receiving,1777962802,0.000000,,,,true,,GET,http://localhost:3000/movies,HTTP/1.1,default,,200,,,http://localhost:3000/movies,my_custom_tag=MongoDB,
http_req_failed,1777962802,0.000000,,,,true,,GET,http://localhost:3000/movies,HTTP/1.1,default,,200,,,http://localhost:3000/movies,my_custom_tag=MongoDB,
http_reqs,1777962802,1.000000,,,,true,,GET,http://localhost:3000/movies,HTTP/1.1,default,,200,,,http://localhost:3000/movies,my_custom_tag=MongoDB,
http_req_duration,1777962802,8.677500,,,,true,,GET,http://localhost:3000/movies,HTTP/1.1,default,,200,,,http://localhost:3000/movies,my_custom_tag=MongoDB,
http_req_blocked,1777962802,0.000000,,,,true,,GET,http://localhost:3000/movies,HTTP/1.1,default,,200,,,http://localhost:3000/movies,my_custom_tag=MongoDB,
http_req_connecting,1777962802,0.000000,,,,true,,GET,http://localhost:3000/movies,HTTP/1.1,default,,200,,,http://localhost:3000/movies,my_custom_tag=MongoDB,
http_req_tls_handshaking,1777962802,0.000000,,,,true,,GET,http://localhost:3000/movies,HTTP/1.1,default,,200,,,http://localhost:3000/movies,my_custom_tag=MongoDB,
http_req_sending,1777962802,0.000000,,,,true,,GET,http://localhost:3000/movies,HTTP/1.1,default,,200,,,http://localhost:3000/movies,my_custom_tag=MongoDB,
http_req_waiting,1777962802,8.111200,,,,true,,GET,http://localhost:3000/movies,HTTP/1.1,default,,200,,,http://localhost:3000/movies,my_custom_tag=MongoDB,
http_req_receiving,1777962802,0.566300,,,,true,,GET,http://localhost:3000/movies,HTTP/1.1,default,,200,,,http://localhost:3000/movies,my_custom_tag=MongoDB,
http_req_failed,1777962802,0.000000,,,,true,,GET,http://localhost:3000/movies,HTTP/1.1,default,,200,,,http://localhost:3000/movies,my_custom_tag=MongoDB,
http_reqs,1777962802,1.000000,,,,true,,GET,http://localhost:3000/movies,HTTP/1.1,default,,200,,,http://localhost:3000/movies,my_custom_tag=MongoDB,
http_req_duration,1777962802,6.705700,,,,true,,GET,http://localhost:3000/movies,HTTP/1.1,default,,200,,,http://localhost:3000/movies,my_custom_tag=MongoDB,
http_req_blocked,1777962802,0.000000,,,,true,,GET,http://localhost:3000/movies,HTTP/1.1,default,,200,,,http://localhost:3000/movies,my_custom_tag=MongoDB,
http_req_connecting,1777962802,0.000000,,,,true,,GET,http://localhost:3000/movies,HTTP/1.1,default,,200,,,http://localhost:3000/movies,my_custom_tag=MongoDB,
http_req_tls_handshaking,1777962802,0.000000,,,,true,,GET,http://localhost:3000/movies,HTTP/1.1,default,,200,,,http://localhost:3000/movies,my_custom_tag=MongoDB,
http_req_sending,1777962802,0.000000,,,,true,,GET,http://localhost:3000/movies,HTTP/1.1,default,,200,,,http://localhost:3000/movies,my_custom_tag=MongoDB,
http_req_waiting,1777962802,6.705700,,,,true,,GET,http://localhost:3000/movies,HTTP/1.1,default,,200,,,http://localhost:3000/movies,my_custom_tag=MongoDB,
http_req_receiving,1777962802,0.000000,,,,true,,GET,http://localhost:3000/movies,HTTP/1.1,default,,200,,,http://localhost:3000/movies,my_custom_tag=MongoDB,
http_req_failed,1777962802,0.000000,,,,true,,GET,http://localhost:3000/movies,HTTP/1.1,default,,200,,,http://localhost:3000/movies,my_custom_tag=MongoDB,
data_sent,1777962802,166.000000,,,,,,,,,default,,,,,,,
data_received,1777962802,12811.000000,,,,,,,,,default,,,,,,,
iteration_duration,1777962802,1069.285300,,,,,,,,,default,,,,,,,
iterations,1777962802,1.000000,,,,,,,,,default,,,,,,,
data_sent,1777962802,166.000000,,,,,,,,,default,,,,,,,
data_received,1777962802,12811.000000,,,,,,,,,default,,,,,,,
iteration_duration,1777962802,1068.670000,,,,,,,,,default,,,,,,,
iterations,1777962802,1.000000,,,,,,,,,default,,,,,,,
data_sent,1777962802,166.000000,,,,,,,,,default,,,,,,,
data_received,1777962802,12811.000000,,,,,,,,,default,,,,,,,
iteration_duration,1777962802,1071.387300,,,,,,,,,default,,,,,,,
iterations,1777962802,1.000000,,,,,,,,,default,,,,,,,
data_sent,1777962802,166.000000,,,,,,,,,default,,,,,,,
data_received,1777962802,12811.000000,,,,,,,,,default,,,,,,,
iteration_duration,1777962802,1072.520200,,,,,,,,,default,,,,,,,
iterations,1777962802,1.000000,,,,,,,,,default,,,,,,,
data_sent,1777962802,166.000000,,,,,,,,,default,,,,,,,
data_received,1777962802,12811.000000,,,,,,,,,default,,,,,,,
iteration_duration,1777962802,1078.846800,,,,,,,,,default,,,,,,,
iterations,1777962802,1.000000,,,,,,,,,default,,,,,,,
http_reqs,1777962802,1.000000,,,,true,,GET,http://localhost:3000/movies,HTTP/1.1,default,,200,,,http://localhost:3000/movies,my_custom_tag=MongoDB,
http_req_duration,1777962802,15.059900,,,,true,,GET,http://localhost:3000/movies,HTTP/1.1,default,,200,,,http://localhost:3000/movies,my_custom_tag=MongoDB,
http_req_blocked,1777962802,0.000000,,,,true,,GET,http://localhost:3000/movies,HTTP/1.1,default,,200,,,http://localhost:3000/movies,my_custom_tag=MongoDB,
http_req_connecting,1777962802,0.000000,,,,true,,GET,http://localhost:3000/movies,HTTP/1.1,default,,200,,,http://localhost:3000/movies,my_custom_tag=MongoDB,
http_req_tls_handshaking,1777962802,0.000000,,,,true,,GET,http://localhost:3000/movies,HTTP/1.1,default,,200,,,http://localhost:3000/movies,my_custom_tag=MongoDB,
http_req_sending,1777962802,0.000000,,,,true,,GET,http://localhost:3000/movies,HTTP/1.1,default,,200,,,http://localhost:3000/movies,my_custom_tag=MongoDB,
http_req_waiting,1777962802,14.303200,,,,true,,GET,http://localhost:3000/movies,HTTP/1.1,default,,200,,,http://localhost:3000/movies,my_custom_tag=MongoDB,
http_req_receiving,1777962802,0.756700,,,,true,,GET,http://localhost:3000/movies,HTTP/1.1,default,,200,,,http://localhost:3000/movies,my_custom_tag=MongoDB,
http_req_failed,1777962802,0.000000,,,,true,,GET,http://localhost:3000/movies,HTTP/1.1,default,,200,,,http://localhost:3000/movies,my_custom_tag=MongoDB,
http_reqs,1777962802,1.000000,,,,true,,GET,http://localhost:3000/recommend/s1,HTTP/1.1,default,,200,,,http://localhost:3000/recommend/s1,my_custom_tag=Neo4j,
http_req_duration,1777962802,18.832400,,,,true,,GET,http://localhost:3000/recommend/s1,HTTP/1.1,default,,200,,,http://localhost:3000/recommend/s1,my_custom_tag=Neo4j,
http_req_blocked,1777962802,0.000000,,,,true,,GET,http://localhost:3000/recommend/s1,HTTP/1.1,default,,200,,,http://localhost:3000/recommend/s1,my_custom_tag=Neo4j,
http_req_connecting,1777962802,0.000000,,,,true,,GET,http://localhost:3000/recommend/s1,HTTP/1.1,default,,200,,,http://localhost:3000/recommend/s1,my_custom_tag=Neo4j,
http_req_tls_handshaking,1777962802,0.000000,,,,true,,GET,http://localhost:3000/recommend/s1,HTTP/1.1,default,,200,,,http://localhost:3000/recommend/s1,my_custom_tag=Neo4j,
http_req_sending,1777962802,0.000000,,,,true,,GET,http://localhost:3000/recommend/s1,HTTP/1.1,default,,200,,,http://localhost:3000/recommend/s1,my_custom_tag=Neo4j,
http_req_waiting,1777962802,18.304300,,,,true,,GET,http://localhost:3000/recommend/s1,HTTP/1.1,default,,200,,,http://localhost:3000/recommend/s1,my_custom_tag=Neo4j,
http_req_receiving,1777962802,0.528100,,,,true,,GET,http://localhost:3000/recommend/s1,HTTP/1.1,default,,200,,,http://localhost:3000/recommend/s1,my_custom_tag=Neo4j,
http_req_failed,1777962802,0.000000,,,,true,,GET,http://localhost:3000/recommend/s1,HTTP/1.1,default,,200,,,http://localhost:3000/recommend/s1,my_custom_tag=Neo4j,
http_reqs,1777962802,1.000000,,,,true,,GET,http://localhost:3000/movies,HTTP/1.1,default,,200,,,http://localhost:3000/movies,my_custom_tag=MongoDB,
http_req_duration,1777962802,16.149800,,,,true,,GET,http://localhost:3000/movies,HTTP/1.1,default,,200,,,http://localhost:3000/movies,my_custom_tag=MongoDB,
http_req_blocked,1777962802,0.000000,,,,true,,GET,http://localhost:3000/movies,HTTP/1.1,default,,200,,,http://localhost:3000/movies,my_custom_tag=MongoDB,
http_req_connecting,1777962802,0.000000,,,,true,,GET,http://localhost:3000/movies,HTTP/1.1,default,,200,,,http://localhost:3000/movies,my_custom_tag=MongoDB,
http_req_tls_handshaking,1777962802,0.000000,,,,true,,GET,http://localhost:3000/movies,HTTP/1.1,default,,200,,,http://localhost:3000/movies,my_custom_tag=MongoDB,
http_req_sending,1777962802,0.000000,,,,true,,GET,http://localhost:3000/movies,HTTP/1.1,default,,200,,,http://localhost:3000/movies,my_custom_tag=MongoDB,
http_req_waiting,1777962802,14.618100,,,,true,,GET,http://localhost:3000/movies,HTTP/1.1,default,,200,,,http://localhost:3000/movies,my_custom_tag=MongoDB,
http_req_receiving,1777962802,1.531700,,,,true,,GET,http://localhost:3000/movies,HTTP/1.1,default,,200,,,http://localhost:3000/movies,my_custom_tag=MongoDB,
http_req_failed,1777962802,0.000000,,,,true,,GET,http://localhost:3000/movies,HTTP/1.1,default,,200,,,http://localhost:3000/movies,my_custom_tag=MongoDB,
http_reqs,1777962802,1.000000,,,,true,,GET,http://localhost:3000/recommend/s1,HTTP/1.1,default,,200,,,http://localhost:3000/recommend/s1,my_custom_tag=Neo4j,
http_req_duration,1777962802,22.172800,,,,true,,GET,http://localhost:3000/recommend/s1,HTTP/1.1,default,,200,,,http://localhost:3000/recommend/s1,my_custom_tag=Neo4j,
http_req_blocked,1777962802,0.000000,,,,true,,GET,http://localhost:3000/recommend/s1,HTTP/1.1,default,,200,,,http://localhost:3000/recommend/s1,my_custom_tag=Neo4j,
http_req_connecting,1777962802,0.000000,,,,true,,GET,http://localhost:3000/recommend/s1,HTTP/1.1,default,,200,,,http://localhost:3000/recommend/s1,my_custom_tag=Neo4j,
http_req_tls_handshaking,1777962802,0.000000,,,,true,,GET,http://localhost:3000/recommend/s1,HTTP/1.1,default,,200,,,http://localhost:3000/recommend/s1,my_custom_tag=Neo4j,
http_req_sending,1777962802,0.000000,,,,true,,GET,http://localhost:3000/recommend/s1,HTTP/1.1,default,,200,,,http://localhost:3000/recommend/s1,my_custom_tag=Neo4j,
http_req_waiting,1777962802,22.172800,,,,true,,GET,http://localhost:3000/recommend/s1,HTTP/1.1,default,,200,,,http://localhost:3000/recommend/s1,my_custom_tag=Neo4j,
http_req_receiving,1777962802,0.000000,,,,true,,GET,http://localhost:3000/recommend/s1,HTTP/1.1,default,,200,,,http://localhost:3000/recommend/s1,my_custom_tag=Neo4j,
http_req_failed,1777962802,0.000000,,,,true,,GET,http://localhost:3000/recommend/s1,HTTP/1.1,default,,200,,,http://localhost:3000/recommend/s1,my_custom_tag=Neo4j,
data_sent,1777962802,166.000000,,,,,,,,,default,,,,,,,
data_received,1777962802,12811.000000,,,,,,,,,default,,,,,,,
iteration_duration,1777962802,1087.939600,,,,,,,,,default,,,,,,,
iterations,1777962802,1.000000,,,,,,,,,default,,,,,,,
data_sent,1777962802,166.000000,,,,,,,,,default,,,,,,,
data_received,1777962802,12811.000000,,,,,,,,,default,,,,,,,
iteration_duration,1777962802,1088.467300,,,,,,,,,default,,,,,,,
iterations,1777962802,1.000000,,,,,,,,,default,,,,,,,
http_reqs,1777962802,1.000000,,,,true,,GET,http://localhost:3000/movies,HTTP/1.1,default,,200,,,http://localhost:3000/movies,my_custom_tag=MongoDB,
http_req_duration,1777962802,15.303900,,,,true,,GET,http://localhost:3000/movies,HTTP/1.1,default,,200,,,http://localhost:3000/movies,my_custom_tag=MongoDB,
http_req_blocked,1777962802,0.000000,,,,true,,GET,http://localhost:3000/movies,HTTP/1.1,default,,200,,,http://localhost:3000/movies,my_custom_tag=MongoDB,
http_req_connecting,1777962802,0.000000,,,,true,,GET,http://localhost:3000/movies,HTTP/1.1,default,,200,,,http://localhost:3000/movies,my_custom_tag=MongoDB,
http_req_tls_handshaking,1777962802,0.000000,,,,true,,GET,http://localhost:3000/movies,HTTP/1.1,default,,200,,,http://localhost:3000/movies,my_custom_tag=MongoDB,
http_req_sending,1777962802,0.000000,,,,true,,GET,http://localhost:3000/movies,HTTP/1.1,default,,200,,,http://localhost:3000/movies,my_custom_tag=MongoDB,
http_req_waiting,1777962802,14.779600,,,,true,,GET,http://localhost:3000/movies,HTTP/1.1,default,,200,,,http://localhost:3000/movies,my_custom_tag=MongoDB,
http_req_receiving,1777962802,0.524300,,,,true,,GET,http://localhost:3000/movies,HTTP/1.1,default,,200,,,http://localhost:3000/movies,my_custom_tag=MongoDB,
http_req_failed,1777962802,0.000000,,,,true,,GET,http://localhost:3000/movies,HTTP/1.1,default,,200,,,http://localhost:3000/movies,my_custom_tag=MongoDB,
http_reqs,1777962802,1.000000,,,,true,,GET,http://localhost:3000/recommend/s1,HTTP/1.1,default,,200,,,http://localhost:3000/recommend/s1,my_custom_tag=Neo4j,
http_req_duration,1777962802,21.418800,,,,true,,GET,http://localhost:3000/recommend/s1,HTTP/1.1,default,,200,,,http://localhost:3000/recommend/s1,my_custom_tag=Neo4j,
http_req_blocked,1777962802,0.000000,,,,true,,GET,http://localhost:3000/recommend/s1,HTTP/1.1,default,,200,,,http://localhost:3000/recommend/s1,my_custom_tag=Neo4j,
http_req_connecting,1777962802,0.000000,,,,true,,GET,http://localhost:3000/recommend/s1,HTTP/1.1,default,,200,,,http://localhost:3000/recommend/s1,my_custom_tag=Neo4j,
http_req_tls_handshaking,1777962802,0.000000,,,,true,,GET,http://localhost:3000/recommend/s1,HTTP/1.1,default,,200,,,http://localhost:3000/recommend/s1,my_custom_tag=Neo4j,
http_req_sending,1777962802,0.554400,,,,true,,GET,http://localhost:3000/recommend/s1,HTTP/1.1,default,,200,,,http://localhost:3000/recommend/s1,my_custom_tag=Neo4j,
http_req_waiting,1777962802,20.864400,,,,true,,GET,http://localhost:3000/recommend/s1,HTTP/1.1,default,,200,,,http://localhost:3000/recommend/s1,my_custom_tag=Neo4j,
http_req_receiving,1777962802,0.000000,,,,true,,GET,http://localhost:3000/recommend/s1,HTTP/1.1,default,,200,,,http://localhost:3000/recommend/s1,my_custom_tag=Neo4j,
http_req_failed,1777962802,0.000000,,,,true,,GET,http://localhost:3000/recommend/s1,HTTP/1.1,default,,200,,,http://localhost:3000/recommend/s1,my_custom_tag=Neo4j,
http_reqs,1777962802,1.000000,,,,true,,GET,http://localhost:3000/movies,HTTP/1.1,default,,200,,,http://localhost:3000/movies,my_custom_tag=MongoDB,
http_req_duration,1777962802,18.078000,,,,true,,GET,http://localhost:3000/movies,HTTP/1.1,default,,200,,,http://localhost:3000/movies,my_custom_tag=MongoDB,
http_req_blocked,1777962802,0.000000,,,,true,,GET,http://localhost:3000/movies,HTTP/1.1,default,,200,,,http://localhost:3000/movies,my_custom_tag=MongoDB,
http_req_connecting,1777962802,0.000000,,,,true,,GET,http://localhost:3000/movies,HTTP/1.1,default,,200,,,http://localhost:3000/movies,my_custom_tag=MongoDB,
http_req_tls_handshaking,1777962802,0.000000,,,,true,,GET,http://localhost:3000/movies,HTTP/1.1,default,,200,,,http://localhost:3000/movies,my_custom_tag=MongoDB,
http_req_sending,1777962802,0.000000,,,,true,,GET,http://localhost:3000/movies,HTTP/1.1,default,,200,,,http://localhost:3000/movies,my_custom_tag=MongoDB,
http_req_waiting,1777962802,18.078000,,,,true,,GET,http://localhost:3000/movies,HTTP/1.1,default,,200,,,http://localhost:3000/movies,my_custom_tag=MongoDB,
http_req_receiving,1777962802,0.000000,,,,true,,GET,http://localhost:3000/movies,HTTP/1.1,default,,200,,,http://localhost:3000/movies,my_custom_tag=MongoDB,
http_req_failed,1777962802,0.000000,,,,true,,GET,http://localhost:3000/movies,HTTP/1.1,default,,200,,,http://localhost:3000/movies,my_custom_tag=MongoDB,
http_reqs,1777962802,1.000000,,,,true,,GET,http://localhost:3000/movies,HTTP/1.1,default,,200,,,http://localhost:3000/movies,my_custom_tag=MongoDB,
http_req_duration,1777962802,20.280000,,,,true,,GET,http://localhost:3000/movies,HTTP/1.1,default,,200,,,http://localhost:3000/movies,my_custom_tag=MongoDB,
http_req_blocked,1777962802,0.000000,,,,true,,GET,http://localhost:3000/movies,HTTP/1.1,default,,200,,,http://localhost:3000/movies,my_custom_tag=MongoDB,
http_req_connecting,1777962802,0.000000,,,,true,,GET,http://localhost:3000/movies,HTTP/1.1,default,,200,,,http://localhost:3000/movies,my_custom_tag=MongoDB,
http_req_tls_handshaking,1777962802,0.000000,,,,true,,GET,http://localhost:3000/movies,HTTP/1.1,default,,200,,,http://localhost:3000/movies,my_custom_tag=MongoDB,
http_req_sending,1777962802,0.000000,,,,true,,GET,http://localhost:3000/movies,HTTP/1.1,default,,200,,,http://localhost:3000/movies,my_custom_tag=MongoDB,
http_req_waiting,1777962802,19.528200,,,,true,,GET,http://localhost:3000/movies,HTTP/1.1,default,,200,,,http://localhost:3000/movies,my_custom_tag=MongoDB,
http_req_receiving,1777962802,0.751800,,,,true,,GET,http://localhost:3000/movies,HTTP/1.1,default,,200,,,http://localhost:3000/movies,my_custom_tag=MongoDB,
http_req_failed,1777962802,0.000000,,,,true,,GET,http://localhost:3000/movies,HTTP/1.1,default,,200,,,http://localhost:3000/movies,my_custom_tag=MongoDB,
http_reqs,1777962802,1.000000,,,,true,,GET,http://localhost:3000/movies,HTTP/1.1,default,,200,,,http://localhost:3000/movies,my_custom_tag=MongoDB,
http_req_duration,1777962802,15.685400,,,,true,,GET,http://localhost:3000/movies,HTTP/1.1,default,,200,,,http://localhost:3000/movies,my_custom_tag=MongoDB,
http_req_blocked,1777962802,0.000000,,,,true,,GET,http://localhost:3000/movies,HTTP/1.1,default,,200,,,http://localhost:3000/movies,my_custom_tag=MongoDB,
http_req_connecting,1777962802,0.000000,,,,true,,GET,http://localhost:3000/movies,HTTP/1.1,default,,200,,,http://localhost:3000/movies,my_custom_tag=MongoDB,
http_req_tls_handshaking,1777962802,0.000000,,,,true,,GET,http://localhost:3000/movies,HTTP/1.1,default,,200,,,http://localhost:3000/movies,my_custom_tag=MongoDB,
http_req_sending,1777962802,0.000000,,,,true,,GET,http://localhost:3000/movies,HTTP/1.1,default,,200,,,http://localhost:3000/movies,my_custom_tag=MongoDB,
http_req_waiting,1777962802,15.105300,,,,true,,GET,http://localhost:3000/movies,HTTP/1.1,default,,200,,,http://localhost:3000/movies,my_custom_tag=MongoDB,
http_req_receiving,1777962802,0.580100,,,,true,,GET,http://localhost:3000/movies,HTTP/1.1,default,,200,,,http://localhost:3000/movies,my_custom_tag=MongoDB,
http_req_failed,1777962802,0.000000,,,,true,,GET,http://localhost:3000/movies,HTTP/1.1,default,,200,,,http://localhost:3000/movies,my_custom_tag=MongoDB,
http_reqs,1777962802,1.000000,,,,true,,GET,http://localhost:3000/movies,HTTP/1.1,default,,200,,,http://localhost:3000/movies,my_custom_tag=MongoDB,
http_req_duration,1777962802,17.015900,,,,true,,GET,http://localhost:3000/movies,HTTP/1.1,default,,200,,,http://localhost:3000/movies,my_custom_tag=MongoDB,
http_req_blocked,1777962802,0.000000,,,,true,,GET,http://localhost:3000/movies,HTTP/1.1,default,,200,,,http://localhost:3000/movies,my_custom_tag=MongoDB,
http_req_connecting,1777962802,0.000000,,,,true,,GET,http://localhost:3000/movies,HTTP/1.1,default,,200,,,http://localhost:3000/movies,my_custom_tag=MongoDB,
http_req_tls_handshaking,1777962802,0.000000,,,,true,,GET,http://localhost:3000/movies,HTTP/1.1,default,,200,,,http://localhost:3000/movies,my_custom_tag=MongoDB,
http_req_sending,1777962802,0.000000,,,,true,,GET,http://localhost:3000/movies,HTTP/1.1,default,,200,,,http://localhost:3000/movies,my_custom_tag=MongoDB,
http_req_waiting,1777962802,16.146600,,,,true,,GET,http://localhost:3000/movies,HTTP/1.1,default,,200,,,http://localhost:3000/movies,my_custom_tag=MongoDB,
http_req_receiving,1777962802,0.869300,,,,true,,GET,http://localhost:3000/movies,HTTP/1.1,default,,200,,,http://localhost:3000/movies,my_custom_tag=MongoDB,
http_req_failed,1777962802,0.000000,,,,true,,GET,http://localhost:3000/movies,HTTP/1.1,default,,200,,,http://localhost:3000/movies,my_custom_tag=MongoDB,
http_reqs,1777962802,1.000000,,,,true,,GET,http://localhost:3000/recommend/s1,HTTP/1.1,default,,200,,,http://localhost:3000/recommend/s1,my_custom_tag=Neo4j,
http_req_duration,1777962802,18.589700,,,,true,,GET,http://localhost:3000/recommend/s1,HTTP/1.1,default,,200,,,http://localhost:3000/recommend/s1,my_custom_tag=Neo4j,
http_req_blocked,1777962802,0.000000,,,,true,,GET,http://localhost:3000/recommend/s1,HTTP/1.1,default,,200,,,http://localhost:3000/recommend/s1,my_custom_tag=Neo4j,
http_req_connecting,1777962802,0.000000,,,,true,,GET,http://localhost:3000/recommend/s1,HTTP/1.1,default,,200,,,http://localhost:3000/recommend/s1,my_custom_tag=Neo4j,
http_req_tls_handshaking,1777962802,0.000000,,,,true,,GET,http://localhost:3000/recommend/s1,HTTP/1.1,default,,200,,,http://localhost:3000/recommend/s1,my_custom_tag=Neo4j,
http_req_sending,1777962802,0.000000,,,,true,,GET,http://localhost:3000/recommend/s1,HTTP/1.1,default,,200,,,http://localhost:3000/recommend/s1,my_custom_tag=Neo4j,
http_req_waiting,1777962802,18.589700,,,,true,,GET,http://localhost:3000/recommend/s1,HTTP/1.1,default,,200,,,http://localhost:3000/recommend/s1,my_custom_tag=Neo4j,
http_req_receiving,1777962802,0.000000,,,,true,,GET,http://localhost:3000/recommend/s1,HTTP/1.1,default,,200,,,http://localhost:3000/recommend/s1,my_custom_tag=Neo4j,
http_req_failed,1777962802,0.000000,,,,true,,GET,http://localhost:3000/recommend/s1,HTTP/1.1,default,,200,,,http://localhost:3000/recommend/s1,my_custom_tag=Neo4j,
http_reqs,1777962802,1.000000,,,,true,,GET,http://localhost:3000/recommend/s1,HTTP/1.1,default,,200,,,http://localhost:3000/recommend/s1,my_custom_tag=Neo4j,
http_req_duration,1777962802,23.946200,,,,true,,GET,http://localhost:3000/recommend/s1,HTTP/1.1,default,,200,,,http://localhost:3000/recommend/s1,my_custom_tag=Neo4j,
http_req_blocked,1777962802,0.000000,,,,true,,GET,http://localhost:3000/recommend/s1,HTTP/1.1,default,,200,,,http://localhost:3000/recommend/s1,my_custom_tag=Neo4j,
http_req_connecting,1777962802,0.000000,,,,true,,GET,http://localhost:3000/recommend/s1,HTTP/1.1,default,,200,,,http://localhost:3000/recommend/s1,my_custom_tag=Neo4j,
http_req_tls_handshaking,1777962802,0.000000,,,,true,,GET,http://localhost:3000/recommend/s1,HTTP/1.1,default,,200,,,http://localhost:3000/recommend/s1,my_custom_tag=Neo4j,
http_req_sending,1777962802,0.510600,,,,true,,GET,http://localhost:3000/recommend/s1,HTTP/1.1,default,,200,,,http://localhost:3000/recommend/s1,my_custom_tag=Neo4j,
http_req_waiting,1777962802,22.847400,,,,true,,GET,http://localhost:3000/recommend/s1,HTTP/1.1,default,,200,,,http://localhost:3000/recommend/s1,my_custom_tag=Neo4j,
http_req_receiving,1777962802,0.588200,,,,true,,GET,http://localhost:3000/recommend/s1,HTTP/1.1,default,,200,,,http://localhost:3000/recommend/s1,my_custom_tag=Neo4j,
http_req_failed,1777962802,0.000000,,,,true,,GET,http://localhost:3000/recommend/s1,HTTP/1.1,default,,200,,,http://localhost:3000/recommend/s1,my_custom_tag=Neo4j,
http_reqs,1777962802,1.000000,,,,true,,GET,http://localhost:3000/recommend/s1,HTTP/1.1,default,,200,,,http://localhost:3000/recommend/s1,my_custom_tag=Neo4j,
http_req_duration,1777962802,19.207500,,,,true,,GET,http://localhost:3000/recommend/s1,HTTP/1.1,default,,200,,,http://localhost:3000/recommend/s1,my_custom_tag=Neo4j,
http_req_blocked,1777962802,0.000000,,,,true,,GET,http://localhost:3000/recommend/s1,HTTP/1.1,default,,200,,,http://localhost:3000/recommend/s1,my_custom_tag=Neo4j,
http_req_connecting,1777962802,0.000000,,,,true,,GET,http://localhost:3000/recommend/s1,HTTP/1.1,default,,200,,,http://localhost:3000/recommend/s1,my_custom_tag=Neo4j,
http_req_tls_handshaking,1777962802,0.000000,,,,true,,GET,http://localhost:3000/recommend/s1,HTTP/1.1,default,,200,,,http://localhost:3000/recommend/s1,my_custom_tag=Neo4j,
http_req_sending,1777962802,0.000000,,,,true,,GET,http://localhost:3000/recommend/s1,HTTP/1.1,default,,200,,,http://localhost:3000/recommend/s1,my_custom_tag=Neo4j,
http_req_waiting,1777962802,19.207500,,,,true,,GET,http://localhost:3000/recommend/s1,HTTP/1.1,default,,200,,,http://localhost:3000/recommend/s1,my_custom_tag=Neo4j,
http_req_receiving,1777962802,0.000000,,,,true,,GET,http://localhost:3000/recommend/s1,HTTP/1.1,default,,200,,,http://localhost:3000/recommend/s1,my_custom_tag=Neo4j,
http_req_failed,1777962802,0.000000,,,,true,,GET,http://localhost:3000/recommend/s1,HTTP/1.1,default,,200,,,http://localhost:3000/recommend/s1,my_custom_tag=Neo4j,
http_reqs,1777962802,1.000000,,,,true,,GET,http://localhost:3000/recommend/s1,HTTP/1.1,default,,200,,,http://localhost:3000/recommend/s1,my_custom_tag=Neo4j,
http_req_duration,1777962802,19.944400,,,,true,,GET,http://localhost:3000/recommend/s1,HTTP/1.1,default,,200,,,http://localhost:3000/recommend/s1,my_custom_tag=Neo4j,
http_req_blocked,1777962802,0.000000,,,,true,,GET,http://localhost:3000/recommend/s1,HTTP/1.1,default,,200,,,http://localhost:3000/recommend/s1,my_custom_tag=Neo4j,
http_req_connecting,1777962802,0.000000,,,,true,,GET,http://localhost:3000/recommend/s1,HTTP/1.1,default,,200,,,http://localhost:3000/recommend/s1,my_custom_tag=Neo4j,
http_req_tls_handshaking,1777962802,0.000000,,,,true,,GET,http://localhost:3000/recommend/s1,HTTP/1.1,default,,200,,,http://localhost:3000/recommend/s1,my_custom_tag=Neo4j,
http_req_sending,1777962802,0.000000,,,,true,,GET,http://localhost:3000/recommend/s1,HTTP/1.1,default,,200,,,http://localhost:3000/recommend/s1,my_custom_tag=Neo4j,
http_req_waiting,1777962802,19.944400,,,,true,,GET,http://localhost:3000/recommend/s1,HTTP/1.1,default,,200,,,http://localhost:3000/recommend/s1,my_custom_tag=Neo4j,
http_req_receiving,1777962802,0.000000,,,,true,,GET,http://localhost:3000/recommend/s1,HTTP/1.1,default,,200,,,http://localhost:3000/recommend/s1,my_custom_tag=Neo4j,
http_req_failed,1777962802,0.000000,,,,true,,GET,http://localhost:3000/recommend/s1,HTTP/1.1,default,,200,,,http://localhost:3000/recommend/s1,my_custom_tag=Neo4j,
http_reqs,1777962802,1.000000,,,,true,,GET,http://localhost:3000/recommend/s1,HTTP/1.1,default,,200,,,http://localhost:3000/recommend/s1,my_custom_tag=Neo4j,
http_req_duration,1777962802,18.447600,,,,true,,GET,http://localhost:3000/recommend/s1,HTTP/1.1,default,,200,,,http://localhost:3000/recommend/s1,my_custom_tag=Neo4j,
http_req_blocked,1777962802,0.000000,,,,true,,GET,http://localhost:3000/recommend/s1,HTTP/1.1,default,,200,,,http://localhost:3000/recommend/s1,my_custom_tag=Neo4j,
http_req_connecting,1777962802,0.000000,,,,true,,GET,http://localhost:3000/recommend/s1,HTTP/1.1,default,,200,,,http://localhost:3000/recommend/s1,my_custom_tag=Neo4j,
http_req_tls_handshaking,1777962802,0.000000,,,,true,,GET,http://localhost:3000/recommend/s1,HTTP/1.1,default,,200,,,http://localhost:3000/recommend/s1,my_custom_tag=Neo4j,
http_req_sending,1777962802,0.000000,,,,true,,GET,http://localhost:3000/recommend/s1,HTTP/1.1,default,,200,,,http://localhost:3000/recommend/s1,my_custom_tag=Neo4j,
http_req_waiting,1777962802,18.123000,,,,true,,GET,http://localhost:3000/recommend/s1,HTTP/1.1,default,,200,,,http://localhost:3000/recommend/s1,my_custom_tag=Neo4j,
http_req_receiving,1777962802,0.324600,,,,true,,GET,http://localhost:3000/recommend/s1,HTTP/1.1,default,,200,,,http://localhost:3000/recommend/s1,my_custom_tag=Neo4j,
http_req_failed,1777962802,0.000000,,,,true,,GET,http://localhost:3000/recommend/s1,HTTP/1.1,default,,200,,,http://localhost:3000/recommend/s1,my_custom_tag=Neo4j,
http_reqs,1777962802,1.000000,,,,true,,GET,http://localhost:3000/recommend/s1,HTTP/1.1,default,,200,,,http://localhost:3000/recommend/s1,my_custom_tag=Neo4j,
http_req_duration,1777962802,15.433900,,,,true,,GET,http://localhost:3000/recommend/s1,HTTP/1.1,default,,200,,,http://localhost:3000/recommend/s1,my_custom_tag=Neo4j,
http_req_blocked,1777962802,0.000000,,,,true,,GET,http://localhost:3000/recommend/s1,HTTP/1.1,default,,200,,,http://localhost:3000/recommend/s1,my_custom_tag=Neo4j,
http_req_connecting,1777962802,0.000000,,,,true,,GET,http://localhost:3000/recommend/s1,HTTP/1.1,default,,200,,,http://localhost:3000/recommend/s1,my_custom_tag=Neo4j,
http_req_tls_handshaking,1777962802,0.000000,,,,true,,GET,http://localhost:3000/recommend/s1,HTTP/1.1,default,,200,,,http://localhost:3000/recommend/s1,my_custom_tag=Neo4j,
http_req_sending,1777962802,0.000000,,,,true,,GET,http://localhost:3000/recommend/s1,HTTP/1.1,default,,200,,,http://localhost:3000/recommend/s1,my_custom_tag=Neo4j,
http_req_waiting,1777962802,15.433900,,,,true,,GET,http://localhost:3000/recommend/s1,HTTP/1.1,default,,200,,,http://localhost:3000/recommend/s1,my_custom_tag=Neo4j,
http_req_receiving,1777962802,0.000000,,,,true,,GET,http://localhost:3000/recommend/s1,HTTP/1.1,default,,200,,,http://localhost:3000/recommend/s1,my_custom_tag=Neo4j,
http_req_failed,1777962802,0.000000,,,,true,,GET,http://localhost:3000/recommend/s1,HTTP/1.1,default,,200,,,http://localhost:3000/recommend/s1,my_custom_tag=Neo4j,
http_reqs,1777962802,1.000000,,,,true,,GET,http://localhost:3000/recommend/s1,HTTP/1.1,default,,200,,,http://localhost:3000/recommend/s1,my_custom_tag=Neo4j,
http_req_duration,1777962802,19.391400,,,,true,,GET,http://localhost:3000/recommend/s1,HTTP/1.1,default,,200,,,http://localhost:3000/recommend/s1,my_custom_tag=Neo4j,
http_req_blocked,1777962802,0.000000,,,,true,,GET,http://localhost:3000/recommend/s1,HTTP/1.1,default,,200,,,http://localhost:3000/recommend/s1,my_custom_tag=Neo4j,
http_req_connecting,1777962802,0.000000,,,,true,,GET,http://localhost:3000/recommend/s1,HTTP/1.1,default,,200,,,http://localhost:3000/recommend/s1,my_custom_tag=Neo4j,
http_req_tls_handshaking,1777962802,0.000000,,,,true,,GET,http://localhost:3000/recommend/s1,HTTP/1.1,default,,200,,,http://localhost:3000/recommend/s1,my_custom_tag=Neo4j,
http_req_sending,1777962802,0.000000,,,,true,,GET,http://localhost:3000/recommend/s1,HTTP/1.1,default,,200,,,http://localhost:3000/recommend/s1,my_custom_tag=Neo4j,
http_req_waiting,1777962802,19.391400,,,,true,,GET,http://localhost:3000/recommend/s1,HTTP/1.1,default,,200,,,http://localhost:3000/recommend/s1,my_custom_tag=Neo4j,
http_req_receiving,1777962802,0.000000,,,,true,,GET,http://localhost:3000/recommend/s1,HTTP/1.1,default,,200,,,http://localhost:3000/recommend/s1,my_custom_tag=Neo4j,
http_req_failed,1777962802,0.000000,,,,true,,GET,http://localhost:3000/recommend/s1,HTTP/1.1,default,,200,,,http://localhost:3000/recommend/s1,my_custom_tag=Neo4j,
vus,1777962802,10.000000,,,,,,,,,,,,,,,,
vus_max,1777962802,10.000000,,,,,,,,,,,,,,,,
data_sent,1777962803,166.000000,,,,,,,,,default,,,,,,,
data_received,1777962803,12811.000000,,,,,,,,,default,,,,,,,
iteration_duration,1777962803,1028.178900,,,,,,,,,default,,,,,,,
iterations,1777962803,1.000000,,,,,,,,,default,,,,,,,
data_sent,1777962803,166.000000,,,,,,,,,default,,,,,,,
data_received,1777962803,12811.000000,,,,,,,,,default,,,,,,,
iteration_duration,1777962803,1030.506600,,,,,,,,,default,,,,,,,
iterations,1777962803,1.000000,,,,,,,,,default,,,,,,,
data_sent,1777962803,166.000000,,,,,,,,,default,,,,,,,
data_received,1777962803,12811.000000,,,,,,,,,default,,,,,,,
iteration_duration,1777962803,1028.964900,,,,,,,,,default,,,,,,,
iterations,1777962803,1.000000,,,,,,,,,default,,,,,,,
http_reqs,1777962803,1.000000,,,,true,,GET,http://localhost:3000/movies,HTTP/1.1,default,,200,,,http://localhost:3000/movies,my_custom_tag=MongoDB,
http_req_duration,1777962803,4.001800,,,,true,,GET,http://localhost:3000/movies,HTTP/1.1,default,,200,,,http://localhost:3000/movies,my_custom_tag=MongoDB,
http_req_blocked,1777962803,0.000000,,,,true,,GET,http://localhost:3000/movies,HTTP/1.1,default,,200,,,http://localhost:3000/movies,my_custom_tag=MongoDB,
http_req_connecting,1777962803,0.000000,,,,true,,GET,http://localhost:3000/movies,HTTP/1.1,default,,200,,,http://localhost:3000/movies,my_custom_tag=MongoDB,
http_req_tls_handshaking,1777962803,0.000000,,,,true,,GET,http://localhost:3000/movies,HTTP/1.1,default,,200,,,http://localhost:3000/movies,my_custom_tag=MongoDB,
http_req_sending,1777962803,0.000000,,,,true,,GET,http://localhost:3000/movies,HTTP/1.1,default,,200,,,http://localhost:3000/movies,my_custom_tag=MongoDB,
http_req_waiting,1777962803,4.001800,,,,true,,GET,http://localhost:3000/movies,HTTP/1.1,default,,200,,,http://localhost:3000/movies,my_custom_tag=MongoDB,
http_req_receiving,1777962803,0.000000,,,,true,,GET,http://localhost:3000/movies,HTTP/1.1,default,,200,,,http://localhost:3000/movies,my_custom_tag=MongoDB,
http_req_failed,1777962803,0.000000,,,,true,,GET,http://localhost:3000/movies,HTTP/1.1,default,,200,,,http://localhost:3000/movies,my_custom_tag=MongoDB,
http_reqs,1777962803,1.000000,,,,true,,GET,http://localhost:3000/movies,HTTP/1.1,default,,200,,,http://localhost:3000/movies,my_custom_tag=MongoDB,
http_req_duration,1777962803,7.403600,,,,true,,GET,http://localhost:3000/movies,HTTP/1.1,default,,200,,,http://localhost:3000/movies,my_custom_tag=MongoDB,
http_req_blocked,1777962803,0.000000,,,,true,,GET,http://localhost:3000/movies,HTTP/1.1,default,,200,,,http://localhost:3000/movies,my_custom_tag=MongoDB,
http_req_connecting,1777962803,0.000000,,,,true,,GET,http://localhost:3000/movies,HTTP/1.1,default,,200,,,http://localhost:3000/movies,my_custom_tag=MongoDB,
http_req_tls_handshaking,1777962803,0.000000,,,,true,,GET,http://localhost:3000/movies,HTTP/1.1,default,,200,,,http://localhost:3000/movies,my_custom_tag=MongoDB,
http_req_sending,1777962803,0.000000,,,,true,,GET,http://localhost:3000/movies,HTTP/1.1,default,,200,,,http://localhost:3000/movies,my_custom_tag=MongoDB,
http_req_waiting,1777962803,7.403600,,,,true,,GET,http://localhost:3000/movies,HTTP/1.1,default,,200,,,http://localhost:3000/movies,my_custom_tag=MongoDB,
http_req_receiving,1777962803,0.000000,,,,true,,GET,http://localhost:3000/movies,HTTP/1.1,default,,200,,,http://localhost:3000/movies,my_custom_tag=MongoDB,
http_req_failed,1777962803,0.000000,,,,true,,GET,http://localhost:3000/movies,HTTP/1.1,default,,200,,,http://localhost:3000/movies,my_custom_tag=MongoDB,
data_sent,1777962803,166.000000,,,,,,,,,default,,,,,,,
data_received,1777962803,12811.000000,,,,,,,,,default,,,,,,,
iteration_duration,1777962803,1036.699100,,,,,,,,,default,,,,,,,
iterations,1777962803,1.000000,,,,,,,,,default,,,,,,,
http_reqs,1777962803,1.000000,,,,true,,GET,http://localhost:3000/movies,HTTP/1.1,default,,200,,,http://localhost:3000/movies,my_custom_tag=MongoDB,
http_req_duration,1777962803,18.126100,,,,true,,GET,http://localhost:3000/movies,HTTP/1.1,default,,200,,,http://localhost:3000/movies,my_custom_tag=MongoDB,
http_req_blocked,1777962803,0.000000,,,,true,,GET,http://localhost:3000/movies,HTTP/1.1,default,,200,,,http://localhost:3000/movies,my_custom_tag=MongoDB,
http_req_connecting,1777962803,0.000000,,,,true,,GET,http://localhost:3000/movies,HTTP/1.1,default,,200,,,http://localhost:3000/movies,my_custom_tag=MongoDB,
http_req_tls_handshaking,1777962803,0.000000,,,,true,,GET,http://localhost:3000/movies,HTTP/1.1,default,,200,,,http://localhost:3000/movies,my_custom_tag=MongoDB,
http_req_sending,1777962803,0.000000,,,,true,,GET,http://localhost:3000/movies,HTTP/1.1,default,,200,,,http://localhost:3000/movies,my_custom_tag=MongoDB,
http_req_waiting,1777962803,14.803700,,,,true,,GET,http://localhost:3000/movies,HTTP/1.1,default,,200,,,http://localhost:3000/movies,my_custom_tag=MongoDB,
http_req_receiving,1777962803,3.322400,,,,true,,GET,http://localhost:3000/movies,HTTP/1.1,default,,200,,,http://localhost:3000/movies,my_custom_tag=MongoDB,
http_req_failed,1777962803,0.000000,,,,true,,GET,http://localhost:3000/movies,HTTP/1.1,default,,200,,,http://localhost:3000/movies,my_custom_tag=MongoDB,
data_sent,1777962803,166.000000,,,,,,,,,default,,,,,,,
data_received,1777962803,12811.000000,,,,,,,,,default,,,,,,,
iteration_duration,1777962803,1036.381600,,,,,,,,,default,,,,,,,
iterations,1777962803,1.000000,,,,,,,,,default,,,,,,,
data_sent,1777962803,166.000000,,,,,,,,,default,,,,,,,
data_received,1777962803,12811.000000,,,,,,,,,default,,,,,,,
iteration_duration,1777962803,1040.923900,,,,,,,,,default,,,,,,,
iterations,1777962803,1.000000,,,,,,,,,default,,,,,,,
data_sent,1777962803,166.000000,,,,,,,,,default,,,,,,,
data_received,1777962803,12811.000000,,,,,,,,,default,,,,,,,
iteration_duration,1777962803,1038.581100,,,,,,,,,default,,,,,,,
iterations,1777962803,1.000000,,,,,,,,,default,,,,,,,
http_reqs,1777962803,1.000000,,,,true,,GET,http://localhost:3000/recommend/s1,HTTP/1.1,default,,200,,,http://localhost:3000/recommend/s1,my_custom_tag=Neo4j,
http_req_duration,1777962803,21.583600,,,,true,,GET,http://localhost:3000/recommend/s1,HTTP/1.1,default,,200,,,http://localhost:3000/recommend/s1,my_custom_tag=Neo4j,
http_req_blocked,1777962803,0.000000,,,,true,,GET,http://localhost:3000/recommend/s1,HTTP/1.1,default,,200,,,http://localhost:3000/recommend/s1,my_custom_tag=Neo4j,
http_req_connecting,1777962803,0.000000,,,,true,,GET,http://localhost:3000/recommend/s1,HTTP/1.1,default,,200,,,http://localhost:3000/recommend/s1,my_custom_tag=Neo4j,
http_req_tls_handshaking,1777962803,0.000000,,,,true,,GET,http://localhost:3000/recommend/s1,HTTP/1.1,default,,200,,,http://localhost:3000/recommend/s1,my_custom_tag=Neo4j,
http_req_sending,1777962803,0.000000,,,,true,,GET,http://localhost:3000/recommend/s1,HTTP/1.1,default,,200,,,http://localhost:3000/recommend/s1,my_custom_tag=Neo4j,
http_req_waiting,1777962803,20.568100,,,,true,,GET,http://localhost:3000/recommend/s1,HTTP/1.1,default,,200,,,http://localhost:3000/recommend/s1,my_custom_tag=Neo4j,
http_req_receiving,1777962803,1.015500,,,,true,,GET,http://localhost:3000/recommend/s1,HTTP/1.1,default,,200,,,http://localhost:3000/recommend/s1,my_custom_tag=Neo4j,
http_req_failed,1777962803,0.000000,,,,true,,GET,http://localhost:3000/recommend/s1,HTTP/1.1,default,,200,,,http://localhost:3000/recommend/s1,my_custom_tag=Neo4j,
http_reqs,1777962803,1.000000,,,,true,,GET,http://localhost:3000/recommend/s1,HTTP/1.1,default,,200,,,http://localhost:3000/recommend/s1,my_custom_tag=Neo4j,
http_req_duration,1777962803,22.910800,,,,true,,GET,http://localhost:3000/recommend/s1,HTTP/1.1,default,,200,,,http://localhost:3000/recommend/s1,my_custom_tag=Neo4j,
http_req_blocked,1777962803,0.000000,,,,true,,GET,http://localhost:3000/recommend/s1,HTTP/1.1,default,,200,,,http://localhost:3000/recommend/s1,my_custom_tag=Neo4j,
http_req_connecting,1777962803,0.000000,,,,true,,GET,http://localhost:3000/recommend/s1,HTTP/1.1,default,,200,,,http://localhost:3000/recommend/s1,my_custom_tag=Neo4j,
http_req_tls_handshaking,1777962803,0.000000,,,,true,,GET,http://localhost:3000/recommend/s1,HTTP/1.1,default,,200,,,http://localhost:3000/recommend/s1,my_custom_tag=Neo4j,
http_req_sending,1777962803,0.000000,,,,true,,GET,http://localhost:3000/recommend/s1,HTTP/1.1,default,,200,,,http://localhost:3000/recommend/s1,my_custom_tag=Neo4j,
http_req_waiting,1777962803,22.910800,,,,true,,GET,http://localhost:3000/recommend/s1,HTTP/1.1,default,,200,,,http://localhost:3000/recommend/s1,my_custom_tag=Neo4j,
http_req_receiving,1777962803,0.000000,,,,true,,GET,http://localhost:3000/recommend/s1,HTTP/1.1,default,,200,,,http://localhost:3000/recommend/s1,my_custom_tag=Neo4j,
http_req_failed,1777962803,0.000000,,,,true,,GET,http://localhost:3000/recommend/s1,HTTP/1.1,default,,200,,,http://localhost:3000/recommend/s1,my_custom_tag=Neo4j,
http_reqs,1777962803,1.000000,,,,true,,GET,http://localhost:3000/movies,HTTP/1.1,default,,200,,,http://localhost:3000/movies,my_custom_tag=MongoDB,
http_req_duration,1777962803,8.900900,,,,true,,GET,http://localhost:3000/movies,HTTP/1.1,default,,200,,,http://localhost:3000/movies,my_custom_tag=MongoDB,
http_req_blocked,1777962803,0.000000,,,,true,,GET,http://localhost:3000/movies,HTTP/1.1,default,,200,,,http://localhost:3000/movies,my_custom_tag=MongoDB,
http_req_connecting,1777962803,0.000000,,,,true,,GET,http://localhost:3000/movies,HTTP/1.1,default,,200,,,http://localhost:3000/movies,my_custom_tag=MongoDB,
http_req_tls_handshaking,1777962803,0.000000,,,,true,,GET,http://localhost:3000/movies,HTTP/1.1,default,,200,,,http://localhost:3000/movies,my_custom_tag=MongoDB,
http_req_sending,1777962803,0.797600,,,,true,,GET,http://localhost:3000/movies,HTTP/1.1,default,,200,,,http://localhost:3000/movies,my_custom_tag=MongoDB,
http_req_waiting,1777962803,8.103300,,,,true,,GET,http://localhost:3000/movies,HTTP/1.1,default,,200,,,http://localhost:3000/movies,my_custom_tag=MongoDB,
http_req_receiving,1777962803,0.000000,,,,true,,GET,http://localhost:3000/movies,HTTP/1.1,default,,200,,,http://localhost:3000/movies,my_custom_tag=MongoDB,
http_req_failed,1777962803,0.000000,,,,true,,GET,http://localhost:3000/movies,HTTP/1.1,default,,200,,,http://localhost:3000/movies,my_custom_tag=MongoDB,
http_reqs,1777962803,1.000000,,,,true,,GET,http://localhost:3000/movies,HTTP/1.1,default,,200,,,http://localhost:3000/movies,my_custom_tag=MongoDB,
http_req_duration,1777962803,11.049800,,,,true,,GET,http://localhost:3000/movies,HTTP/1.1,default,,200,,,http://localhost:3000/movies,my_custom_tag=MongoDB,
http_req_blocked,1777962803,0.000000,,,,true,,GET,http://localhost:3000/movies,HTTP/1.1,default,,200,,,http://localhost:3000/movies,my_custom_tag=MongoDB,
http_req_connecting,1777962803,0.000000,,,,true,,GET,http://localhost:3000/movies,HTTP/1.1,default,,200,,,http://localhost:3000/movies,my_custom_tag=MongoDB,
http_req_tls_handshaking,1777962803,0.000000,,,,true,,GET,http://localhost:3000/movies,HTTP/1.1,default,,200,,,http://localhost:3000/movies,my_custom_tag=MongoDB,
http_req_sending,1777962803,0.000000,,,,true,,GET,http://localhost:3000/movies,HTTP/1.1,default,,200,,,http://localhost:3000/movies,my_custom_tag=MongoDB,
http_req_waiting,1777962803,11.049800,,,,true,,GET,http://localhost:3000/movies,HTTP/1.1,default,,200,,,http://localhost:3000/movies,my_custom_tag=MongoDB,
http_req_receiving,1777962803,0.000000,,,,true,,GET,http://localhost:3000/movies,HTTP/1.1,default,,200,,,http://localhost:3000/movies,my_custom_tag=MongoDB,
http_req_failed,1777962803,0.000000,,,,true,,GET,http://localhost:3000/movies,HTTP/1.1,default,,200,,,http://localhost:3000/movies,my_custom_tag=MongoDB,
data_sent,1777962803,166.000000,,,,,,,,,default,,,,,,,
data_received,1777962803,12811.000000,,,,,,,,,default,,,,,,,
iteration_duration,1777962803,1032.627600,,,,,,,,,default,,,,,,,
iterations,1777962803,1.000000,,,,,,,,,default,,,,,,,
data_sent,1777962803,166.000000,,,,,,,,,default,,,,,,,
data_received,1777962803,12811.000000,,,,,,,,,default,,,,,,,
iteration_duration,1777962803,1040.408600,,,,,,,,,default,,,,,,,
iterations,1777962803,1.000000,,,,,,,,,default,,,,,,,
http_reqs,1777962803,1.000000,,,,true,,GET,http://localhost:3000/movies,HTTP/1.1,default,,200,,,http://localhost:3000/movies,my_custom_tag=MongoDB,
http_req_duration,1777962803,13.364300,,,,true,,GET,http://localhost:3000/movies,HTTP/1.1,default,,200,,,http://localhost:3000/movies,my_custom_tag=MongoDB,
http_req_blocked,1777962803,0.000000,,,,true,,GET,http://localhost:3000/movies,HTTP/1.1,default,,200,,,http://localhost:3000/movies,my_custom_tag=MongoDB,
http_req_connecting,1777962803,0.000000,,,,true,,GET,http://localhost:3000/movies,HTTP/1.1,default,,200,,,http://localhost:3000/movies,my_custom_tag=MongoDB,
http_req_tls_handshaking,1777962803,0.000000,,,,true,,GET,http://localhost:3000/movies,HTTP/1.1,default,,200,,,http://localhost:3000/movies,my_custom_tag=MongoDB,
http_req_sending,1777962803,0.000000,,,,true,,GET,http://localhost:3000/movies,HTTP/1.1,default,,200,,,http://localhost:3000/movies,my_custom_tag=MongoDB,
http_req_waiting,1777962803,12.803100,,,,true,,GET,http://localhost:3000/movies,HTTP/1.1,default,,200,,,http://localhost:3000/movies,my_custom_tag=MongoDB,
http_req_receiving,1777962803,0.561200,,,,true,,GET,http://localhost:3000/movies,HTTP/1.1,default,,200,,,http://localhost:3000/movies,my_custom_tag=MongoDB,
http_req_failed,1777962803,0.000000,,,,true,,GET,http://localhost:3000/movies,HTTP/1.1,default,,200,,,http://localhost:3000/movies,my_custom_tag=MongoDB,
data_sent,1777962803,166.000000,,,,,,,,,default,,,,,,,
data_received,1777962803,12811.000000,,,,,,,,,default,,,,,,,
iteration_duration,1777962803,1035.527400,,,,,,,,,default,,,,,,,
iterations,1777962803,1.000000,,,,,,,,,default,,,,,,,
http_reqs,1777962803,1.000000,,,,true,,GET,http://localhost:3000/movies,HTTP/1.1,default,,200,,,http://localhost:3000/movies,my_custom_tag=MongoDB,
http_req_duration,1777962803,12.528900,,,,true,,GET,http://localhost:3000/movies,HTTP/1.1,default,,200,,,http://localhost:3000/movies,my_custom_tag=MongoDB,
http_req_blocked,1777962803,0.000000,,,,true,,GET,http://localhost:3000/movies,HTTP/1.1,default,,200,,,http://localhost:3000/movies,my_custom_tag=MongoDB,
http_req_connecting,1777962803,0.000000,,,,true,,GET,http://localhost:3000/movies,HTTP/1.1,default,,200,,,http://localhost:3000/movies,my_custom_tag=MongoDB,
http_req_tls_handshaking,1777962803,0.000000,,,,true,,GET,http://localhost:3000/movies,HTTP/1.1,default,,200,,,http://localhost:3000/movies,my_custom_tag=MongoDB,
http_req_sending,1777962803,0.000000,,,,true,,GET,http://localhost:3000/movies,HTTP/1.1,default,,200,,,http://localhost:3000/movies,my_custom_tag=MongoDB,
http_req_waiting,1777962803,12.528900,,,,true,,GET,http://localhost:3000/movies,HTTP/1.1,default,,200,,,http://localhost:3000/movies,my_custom_tag=MongoDB,
http_req_receiving,1777962803,0.000000,,,,true,,GET,http://localhost:3000/movies,HTTP/1.1,default,,200,,,http://localhost:3000/movies,my_custom_tag=MongoDB,
http_req_failed,1777962803,0.000000,,,,true,,GET,http://localhost:3000/movies,HTTP/1.1,default,,200,,,http://localhost:3000/movies,my_custom_tag=MongoDB,
http_reqs,1777962803,1.000000,,,,true,,GET,http://localhost:3000/recommend/s1,HTTP/1.1,default,,200,,,http://localhost:3000/recommend/s1,my_custom_tag=Neo4j,
http_req_duration,1777962803,22.015400,,,,true,,GET,http://localhost:3000/recommend/s1,HTTP/1.1,default,,200,,,http://localhost:3000/recommend/s1,my_custom_tag=Neo4j,
http_req_blocked,1777962803,0.000000,,,,true,,GET,http://localhost:3000/recommend/s1,HTTP/1.1,default,,200,,,http://localhost:3000/recommend/s1,my_custom_tag=Neo4j,
http_req_connecting,1777962803,0.000000,,,,true,,GET,http://localhost:3000/recommend/s1,HTTP/1.1,default,,200,,,http://localhost:3000/recommend/s1,my_custom_tag=Neo4j,
http_req_tls_handshaking,1777962803,0.000000,,,,true,,GET,http://localhost:3000/recommend/s1,HTTP/1.1,default,,200,,,http://localhost:3000/recommend/s1,my_custom_tag=Neo4j,
http_req_sending,1777962803,0.000000,,,,true,,GET,http://localhost:3000/recommend/s1,HTTP/1.1,default,,200,,,http://localhost:3000/recommend/s1,my_custom_tag=Neo4j,
http_req_waiting,1777962803,21.150600,,,,true,,GET,http://localhost:3000/recommend/s1,HTTP/1.1,default,,200,,,http://localhost:3000/recommend/s1,my_custom_tag=Neo4j,
http_req_receiving,1777962803,0.864800,,,,true,,GET,http://localhost:3000/recommend/s1,HTTP/1.1,default,,200,,,http://localhost:3000/recommend/s1,my_custom_tag=Neo4j,
http_req_failed,1777962803,0.000000,,,,true,,GET,http://localhost:3000/recommend/s1,HTTP/1.1,default,,200,,,http://localhost:3000/recommend/s1,my_custom_tag=Neo4j,
http_reqs,1777962803,1.000000,,,,true,,GET,http://localhost:3000/recommend/s1,HTTP/1.1,default,,200,,,http://localhost:3000/recommend/s1,my_custom_tag=Neo4j,
http_req_duration,1777962803,15.865900,,,,true,,GET,http://localhost:3000/recommend/s1,HTTP/1.1,default,,200,,,http://localhost:3000/recommend/s1,my_custom_tag=Neo4j,
http_req_blocked,1777962803,0.000000,,,,true,,GET,http://localhost:3000/recommend/s1,HTTP/1.1,default,,200,,,http://localhost:3000/recommend/s1,my_custom_tag=Neo4j,
http_req_connecting,1777962803,0.000000,,,,true,,GET,http://localhost:3000/recommend/s1,HTTP/1.1,default,,200,,,http://localhost:3000/recommend/s1,my_custom_tag=Neo4j,
http_req_tls_handshaking,1777962803,0.000000,,,,true,,GET,http://localhost:3000/recommend/s1,HTTP/1.1,default,,200,,,http://localhost:3000/recommend/s1,my_custom_tag=Neo4j,
http_req_sending,1777962803,0.000000,,,,true,,GET,http://localhost:3000/recommend/s1,HTTP/1.1,default,,200,,,http://localhost:3000/recommend/s1,my_custom_tag=Neo4j,
http_req_waiting,1777962803,15.865900,,,,true,,GET,http://localhost:3000/recommend/s1,HTTP/1.1,default,,200,,,http://localhost:3000/recommend/s1,my_custom_tag=Neo4j,
http_req_receiving,1777962803,0.000000,,,,true,,GET,http://localhost:3000/recommend/s1,HTTP/1.1,default,,200,,,http://localhost:3000/recommend/s1,my_custom_tag=Neo4j,
http_req_failed,1777962803,0.000000,,,,true,,GET,http://localhost:3000/recommend/s1,HTTP/1.1,default,,200,,,http://localhost:3000/recommend/s1,my_custom_tag=Neo4j,
http_reqs,1777962803,1.000000,,,,true,,GET,http://localhost:3000/movies,HTTP/1.1,default,,200,,,http://localhost:3000/movies,my_custom_tag=MongoDB,
http_req_duration,1777962803,16.443600,,,,true,,GET,http://localhost:3000/movies,HTTP/1.1,default,,200,,,http://localhost:3000/movies,my_custom_tag=MongoDB,
http_req_blocked,1777962803,0.000000,,,,true,,GET,http://localhost:3000/movies,HTTP/1.1,default,,200,,,http://localhost:3000/movies,my_custom_tag=MongoDB,
http_req_connecting,1777962803,0.000000,,,,true,,GET,http://localhost:3000/movies,HTTP/1.1,default,,200,,,http://localhost:3000/movies,my_custom_tag=MongoDB,
http_req_tls_handshaking,1777962803,0.000000,,,,true,,GET,http://localhost:3000/movies,HTTP/1.1,default,,200,,,http://localhost:3000/movies,my_custom_tag=MongoDB,
http_req_sending,1777962803,0.000000,,,,true,,GET,http://localhost:3000/movies,HTTP/1.1,default,,200,,,http://localhost:3000/movies,my_custom_tag=MongoDB,
http_req_waiting,1777962803,15.391400,,,,true,,GET,http://localhost:3000/movies,HTTP/1.1,default,,200,,,http://localhost:3000/movies,my_custom_tag=MongoDB,
http_req_receiving,1777962803,1.052200,,,,true,,GET,http://localhost:3000/movies,HTTP/1.1,default,,200,,,http://localhost:3000/movies,my_custom_tag=MongoDB,
http_req_failed,1777962803,0.000000,,,,true,,GET,http://localhost:3000/movies,HTTP/1.1,default,,200,,,http://localhost:3000/movies,my_custom_tag=MongoDB,
http_reqs,1777962803,1.000000,,,,true,,GET,http://localhost:3000/movies,HTTP/1.1,default,,200,,,http://localhost:3000/movies,my_custom_tag=MongoDB,
http_req_duration,1777962803,17.196100,,,,true,,GET,http://localhost:3000/movies,HTTP/1.1,default,,200,,,http://localhost:3000/movies,my_custom_tag=MongoDB,
http_req_blocked,1777962803,0.000000,,,,true,,GET,http://localhost:3000/movies,HTTP/1.1,default,,200,,,http://localhost:3000/movies,my_custom_tag=MongoDB,
http_req_connecting,1777962803,0.000000,,,,true,,GET,http://localhost:3000/movies,HTTP/1.1,default,,200,,,http://localhost:3000/movies,my_custom_tag=MongoDB,
http_req_tls_handshaking,1777962803,0.000000,,,,true,,GET,http://localhost:3000/movies,HTTP/1.1,default,,200,,,http://localhost:3000/movies,my_custom_tag=MongoDB,
http_req_sending,1777962803,0.000000,,,,true,,GET,http://localhost:3000/movies,HTTP/1.1,default,,200,,,http://localhost:3000/movies,my_custom_tag=MongoDB,
http_req_waiting,1777962803,17.196100,,,,true,,GET,http://localhost:3000/movies,HTTP/1.1,default,,200,,,http://localhost:3000/movies,my_custom_tag=MongoDB,
http_req_receiving,1777962803,0.000000,,,,true,,GET,http://localhost:3000/movies,HTTP/1.1,default,,200,,,http://localhost:3000/movies,my_custom_tag=MongoDB,
http_req_failed,1777962803,0.000000,,,,true,,GET,http://localhost:3000/movies,HTTP/1.1,default,,200,,,http://localhost:3000/movies,my_custom_tag=MongoDB,
http_reqs,1777962803,1.000000,,,,true,,GET,http://localhost:3000/movies,HTTP/1.1,default,,200,,,http://localhost:3000/movies,my_custom_tag=MongoDB,
http_req_duration,1777962803,16.228700,,,,true,,GET,http://localhost:3000/movies,HTTP/1.1,default,,200,,,http://localhost:3000/movies,my_custom_tag=MongoDB,
http_req_blocked,1777962803,0.000000,,,,true,,GET,http://localhost:3000/movies,HTTP/1.1,default,,200,,,http://localhost:3000/movies,my_custom_tag=MongoDB,
http_req_connecting,1777962803,0.000000,,,,true,,GET,http://localhost:3000/movies,HTTP/1.1,default,,200,,,http://localhost:3000/movies,my_custom_tag=MongoDB,
http_req_tls_handshaking,1777962803,0.000000,,,,true,,GET,http://localhost:3000/movies,HTTP/1.1,default,,200,,,http://localhost:3000/movies,my_custom_tag=MongoDB,
http_req_sending,1777962803,0.000000,,,,true,,GET,http://localhost:3000/movies,HTTP/1.1,default,,200,,,http://localhost:3000/movies,my_custom_tag=MongoDB,
http_req_waiting,1777962803,16.228700,,,,true,,GET,http://localhost:3000/movies,HTTP/1.1,default,,200,,,http://localhost:3000/movies,my_custom_tag=MongoDB,
http_req_receiving,1777962803,0.000000,,,,true,,GET,http://localhost:3000/movies,HTTP/1.1,default,,200,,,http://localhost:3000/movies,my_custom_tag=MongoDB,
http_req_failed,1777962803,0.000000,,,,true,,GET,http://localhost:3000/movies,HTTP/1.1,default,,200,,,http://localhost:3000/movies,my_custom_tag=MongoDB,
http_reqs,1777962803,1.000000,,,,true,,GET,http://localhost:3000/recommend/s1,HTTP/1.1,default,,200,,,http://localhost:3000/recommend/s1,my_custom_tag=Neo4j,
http_req_duration,1777962803,20.595400,,,,true,,GET,http://localhost:3000/recommend/s1,HTTP/1.1,default,,200,,,http://localhost:3000/recommend/s1,my_custom_tag=Neo4j,
http_req_blocked,1777962803,0.000000,,,,true,,GET,http://localhost:3000/recommend/s1,HTTP/1.1,default,,200,,,http://localhost:3000/recommend/s1,my_custom_tag=Neo4j,
http_req_connecting,1777962803,0.000000,,,,true,,GET,http://localhost:3000/recommend/s1,HTTP/1.1,default,,200,,,http://localhost:3000/recommend/s1,my_custom_tag=Neo4j,
http_req_tls_handshaking,1777962803,0.000000,,,,true,,GET,http://localhost:3000/recommend/s1,HTTP/1.1,default,,200,,,http://localhost:3000/recommend/s1,my_custom_tag=Neo4j,
http_req_sending,1777962803,0.000000,,,,true,,GET,http://localhost:3000/recommend/s1,HTTP/1.1,default,,200,,,http://localhost:3000/recommend/s1,my_custom_tag=Neo4j,
http_req_waiting,1777962803,19.567900,,,,true,,GET,http://localhost:3000/recommend/s1,HTTP/1.1,default,,200,,,http://localhost:3000/recommend/s1,my_custom_tag=Neo4j,
http_req_receiving,1777962803,1.027500,,,,true,,GET,http://localhost:3000/recommend/s1,HTTP/1.1,default,,200,,,http://localhost:3000/recommend/s1,my_custom_tag=Neo4j,
http_req_failed,1777962803,0.000000,,,,true,,GET,http://localhost:3000/recommend/s1,HTTP/1.1,default,,200,,,http://localhost:3000/recommend/s1,my_custom_tag=Neo4j,
http_reqs,1777962803,1.000000,,,,true,,GET,http://localhost:3000/recommend/s1,HTTP/1.1,default,,200,,,http://localhost:3000/recommend/s1,my_custom_tag=Neo4j,
http_req_duration,1777962803,15.187000,,,,true,,GET,http://localhost:3000/recommend/s1,HTTP/1.1,default,,200,,,http://localhost:3000/recommend/s1,my_custom_tag=Neo4j,
http_req_blocked,1777962803,0.000000,,,,true,,GET,http://localhost:3000/recommend/s1,HTTP/1.1,default,,200,,,http://localhost:3000/recommend/s1,my_custom_tag=Neo4j,
http_req_connecting,1777962803,0.000000,,,,true,,GET,http://localhost:3000/recommend/s1,HTTP/1.1,default,,200,,,http://localhost:3000/recommend/s1,my_custom_tag=Neo4j,
http_req_tls_handshaking,1777962803,0.000000,,,,true,,GET,http://localhost:3000/recommend/s1,HTTP/1.1,default,,200,,,http://localhost:3000/recommend/s1,my_custom_tag=Neo4j,
http_req_sending,1777962803,0.000000,,,,true,,GET,http://localhost:3000/recommend/s1,HTTP/1.1,default,,200,,,http://localhost:3000/recommend/s1,my_custom_tag=Neo4j,
http_req_waiting,1777962803,15.187000,,,,true,,GET,http://localhost:3000/recommend/s1,HTTP/1.1,default,,200,,,http://localhost:3000/recommend/s1,my_custom_tag=Neo4j,
http_req_receiving,1777962803,0.000000,,,,true,,GET,http://localhost:3000/recommend/s1,HTTP/1.1,default,,200,,,http://localhost:3000/recommend/s1,my_custom_tag=Neo4j,
http_req_failed,1777962803,0.000000,,,,true,,GET,http://localhost:3000/recommend/s1,HTTP/1.1,default,,200,,,http://localhost:3000/recommend/s1,my_custom_tag=Neo4j,
http_reqs,1777962803,1.000000,,,,true,,GET,http://localhost:3000/recommend/s1,HTTP/1.1,default,,200,,,http://localhost:3000/recommend/s1,my_custom_tag=Neo4j,
http_req_duration,1777962803,18.607900,,,,true,,GET,http://localhost:3000/recommend/s1,HTTP/1.1,default,,200,,,http://localhost:3000/recommend/s1,my_custom_tag=Neo4j,
http_req_blocked,1777962803,0.000000,,,,true,,GET,http://localhost:3000/recommend/s1,HTTP/1.1,default,,200,,,http://localhost:3000/recommend/s1,my_custom_tag=Neo4j,
http_req_connecting,1777962803,0.000000,,,,true,,GET,http://localhost:3000/recommend/s1,HTTP/1.1,default,,200,,,http://localhost:3000/recommend/s1,my_custom_tag=Neo4j,
http_req_tls_handshaking,1777962803,0.000000,,,,true,,GET,http://localhost:3000/recommend/s1,HTTP/1.1,default,,200,,,http://localhost:3000/recommend/s1,my_custom_tag=Neo4j,
http_req_sending,1777962803,0.000000,,,,true,,GET,http://localhost:3000/recommend/s1,HTTP/1.1,default,,200,,,http://localhost:3000/recommend/s1,my_custom_tag=Neo4j,
http_req_waiting,1777962803,18.280900,,,,true,,GET,http://localhost:3000/recommend/s1,HTTP/1.1,default,,200,,,http://localhost:3000/recommend/s1,my_custom_tag=Neo4j,
http_req_receiving,1777962803,0.327000,,,,true,,GET,http://localhost:3000/recommend/s1,HTTP/1.1,default,,200,,,http://localhost:3000/recommend/s1,my_custom_tag=Neo4j,
http_req_failed,1777962803,0.000000,,,,true,,GET,http://localhost:3000/recommend/s1,HTTP/1.1,default,,200,,,http://localhost:3000/recommend/s1,my_custom_tag=Neo4j,
http_reqs,1777962803,1.000000,,,,true,,GET,http://localhost:3000/recommend/s1,HTTP/1.1,default,,200,,,http://localhost:3000/recommend/s1,my_custom_tag=Neo4j,
http_req_duration,1777962803,13.163600,,,,true,,GET,http://localhost:3000/recommend/s1,HTTP/1.1,default,,200,,,http://localhost:3000/recommend/s1,my_custom_tag=Neo4j,
http_req_blocked,1777962803,0.000000,,,,true,,GET,http://localhost:3000/recommend/s1,HTTP/1.1,default,,200,,,http://localhost:3000/recommend/s1,my_custom_tag=Neo4j,
http_req_connecting,1777962803,0.000000,,,,true,,GET,http://localhost:3000/recommend/s1,HTTP/1.1,default,,200,,,http://localhost:3000/recommend/s1,my_custom_tag=Neo4j,
http_req_tls_handshaking,1777962803,0.000000,,,,true,,GET,http://localhost:3000/recommend/s1,HTTP/1.1,default,,200,,,http://localhost:3000/recommend/s1,my_custom_tag=Neo4j,
http_req_sending,1777962803,0.000000,,,,true,,GET,http://localhost:3000/recommend/s1,HTTP/1.1,default,,200,,,http://localhost:3000/recommend/s1,my_custom_tag=Neo4j,
http_req_waiting,1777962803,13.163600,,,,true,,GET,http://localhost:3000/recommend/s1,HTTP/1.1,default,,200,,,http://localhost:3000/recommend/s1,my_custom_tag=Neo4j,
http_req_receiving,1777962803,0.000000,,,,true,,GET,http://localhost:3000/recommend/s1,HTTP/1.1,default,,200,,,http://localhost:3000/recommend/s1,my_custom_tag=Neo4j,
http_req_failed,1777962803,0.000000,,,,true,,GET,http://localhost:3000/recommend/s1,HTTP/1.1,default,,200,,,http://localhost:3000/recommend/s1,my_custom_tag=Neo4j,
http_reqs,1777962803,1.000000,,,,true,,GET,http://localhost:3000/recommend/s1,HTTP/1.1,default,,200,,,http://localhost:3000/recommend/s1,my_custom_tag=Neo4j,
http_req_duration,1777962803,12.291400,,,,true,,GET,http://localhost:3000/recommend/s1,HTTP/1.1,default,,200,,,http://localhost:3000/recommend/s1,my_custom_tag=Neo4j,
http_req_blocked,1777962803,0.000000,,,,true,,GET,http://localhost:3000/recommend/s1,HTTP/1.1,default,,200,,,http://localhost:3000/recommend/s1,my_custom_tag=Neo4j,
http_req_connecting,1777962803,0.000000,,,,true,,GET,http://localhost:3000/recommend/s1,HTTP/1.1,default,,200,,,http://localhost:3000/recommend/s1,my_custom_tag=Neo4j,
http_req_tls_handshaking,1777962803,0.000000,,,,true,,GET,http://localhost:3000/recommend/s1,HTTP/1.1,default,,200,,,http://localhost:3000/recommend/s1,my_custom_tag=Neo4j,
http_req_sending,1777962803,0.000000,,,,true,,GET,http://localhost:3000/recommend/s1,HTTP/1.1,default,,200,,,http://localhost:3000/recommend/s1,my_custom_tag=Neo4j,
http_req_waiting,1777962803,12.291400,,,,true,,GET,http://localhost:3000/recommend/s1,HTTP/1.1,default,,200,,,http://localhost:3000/recommend/s1,my_custom_tag=Neo4j,
http_req_receiving,1777962803,0.000000,,,,true,,GET,http://localhost:3000/recommend/s1,HTTP/1.1,default,,200,,,http://localhost:3000/recommend/s1,my_custom_tag=Neo4j,
http_req_failed,1777962803,0.000000,,,,true,,GET,http://localhost:3000/recommend/s1,HTTP/1.1,default,,200,,,http://localhost:3000/recommend/s1,my_custom_tag=Neo4j,
http_reqs,1777962803,1.000000,,,,true,,GET,http://localhost:3000/recommend/s1,HTTP/1.1,default,,200,,,http://localhost:3000/recommend/s1,my_custom_tag=Neo4j,
http_req_duration,1777962803,14.606000,,,,true,,GET,http://localhost:3000/recommend/s1,HTTP/1.1,default,,200,,,http://localhost:3000/recommend/s1,my_custom_tag=Neo4j,
http_req_blocked,1777962803,0.000000,,,,true,,GET,http://localhost:3000/recommend/s1,HTTP/1.1,default,,200,,,http://localhost:3000/recommend/s1,my_custom_tag=Neo4j,
http_req_connecting,1777962803,0.000000,,,,true,,GET,http://localhost:3000/recommend/s1,HTTP/1.1,default,,200,,,http://localhost:3000/recommend/s1,my_custom_tag=Neo4j,
http_req_tls_handshaking,1777962803,0.000000,,,,true,,GET,http://localhost:3000/recommend/s1,HTTP/1.1,default,,200,,,http://localhost:3000/recommend/s1,my_custom_tag=Neo4j,
http_req_sending,1777962803,0.000000,,,,true,,GET,http://localhost:3000/recommend/s1,HTTP/1.1,default,,200,,,http://localhost:3000/recommend/s1,my_custom_tag=Neo4j,
http_req_waiting,1777962803,14.606000,,,,true,,GET,http://localhost:3000/recommend/s1,HTTP/1.1,default,,200,,,http://localhost:3000/recommend/s1,my_custom_tag=Neo4j,
http_req_receiving,1777962803,0.000000,,,,true,,GET,http://localhost:3000/recommend/s1,HTTP/1.1,default,,200,,,http://localhost:3000/recommend/s1,my_custom_tag=Neo4j,
http_req_failed,1777962803,0.000000,,,,true,,GET,http://localhost:3000/recommend/s1,HTTP/1.1,default,,200,,,http://localhost:3000/recommend/s1,my_custom_tag=Neo4j,
vus,1777962803,10.000000,,,,,,,,,,,,,,,,
vus_max,1777962803,10.000000,,,,,,,,,,,,,,,,
data_sent,1777962804,166.000000,,,,,,,,,default,,,,,,,
data_received,1777962804,12811.000000,,,,,,,,,default,,,,,,,
iteration_duration,1777962804,1029.595400,,,,,,,,,default,,,,,,,
iterations,1777962804,1.000000,,,,,,,,,default,,,,,,,
data_sent,1777962804,166.000000,,,,,,,,,default,,,,,,,
data_received,1777962804,12811.000000,,,,,,,,,default,,,,,,,
iteration_duration,1777962804,1030.047800,,,,,,,,,default,,,,,,,
iterations,1777962804,1.000000,,,,,,,,,default,,,,,,,
http_reqs,1777962804,1.000000,,,,true,,GET,http://localhost:3000/movies,HTTP/1.1,default,,200,,,http://localhost:3000/movies,my_custom_tag=MongoDB,
http_req_duration,1777962804,6.942500,,,,true,,GET,http://localhost:3000/movies,HTTP/1.1,default,,200,,,http://localhost:3000/movies,my_custom_tag=MongoDB,
http_req_blocked,1777962804,0.000000,,,,true,,GET,http://localhost:3000/movies,HTTP/1.1,default,,200,,,http://localhost:3000/movies,my_custom_tag=MongoDB,
http_req_connecting,1777962804,0.000000,,,,true,,GET,http://localhost:3000/movies,HTTP/1.1,default,,200,,,http://localhost:3000/movies,my_custom_tag=MongoDB,
http_req_tls_handshaking,1777962804,0.000000,,,,true,,GET,http://localhost:3000/movies,HTTP/1.1,default,,200,,,http://localhost:3000/movies,my_custom_tag=MongoDB,
http_req_sending,1777962804,0.000000,,,,true,,GET,http://localhost:3000/movies,HTTP/1.1,default,,200,,,http://localhost:3000/movies,my_custom_tag=MongoDB,
http_req_waiting,1777962804,6.212700,,,,true,,GET,http://localhost:3000/movies,HTTP/1.1,default,,200,,,http://localhost:3000/movies,my_custom_tag=MongoDB,
http_req_receiving,1777962804,0.729800,,,,true,,GET,http://localhost:3000/movies,HTTP/1.1,default,,200,,,http://localhost:3000/movies,my_custom_tag=MongoDB,
http_req_failed,1777962804,0.000000,,,,true,,GET,http://localhost:3000/movies,HTTP/1.1,default,,200,,,http://localhost:3000/movies,my_custom_tag=MongoDB,
http_reqs,1777962804,1.000000,,,,true,,GET,http://localhost:3000/movies,HTTP/1.1,default,,200,,,http://localhost:3000/movies,my_custom_tag=MongoDB,
http_req_duration,1777962804,5.825200,,,,true,,GET,http://localhost:3000/movies,HTTP/1.1,default,,200,,,http://localhost:3000/movies,my_custom_tag=MongoDB,
http_req_blocked,1777962804,0.000000,,,,true,,GET,http://localhost:3000/movies,HTTP/1.1,default,,200,,,http://localhost:3000/movies,my_custom_tag=MongoDB,
http_req_connecting,1777962804,0.000000,,,,true,,GET,http://localhost:3000/movies,HTTP/1.1,default,,200,,,http://localhost:3000/movies,my_custom_tag=MongoDB,
http_req_tls_handshaking,1777962804,0.000000,,,,true,,GET,http://localhost:3000/movies,HTTP/1.1,default,,200,,,http://localhost:3000/movies,my_custom_tag=MongoDB,
http_req_sending,1777962804,0.000000,,,,true,,GET,http://localhost:3000/movies,HTTP/1.1,default,,200,,,http://localhost:3000/movies,my_custom_tag=MongoDB,
http_req_waiting,1777962804,5.406800,,,,true,,GET,http://localhost:3000/movies,HTTP/1.1,default,,200,,,http://localhost:3000/movies,my_custom_tag=MongoDB,
http_req_receiving,1777962804,0.418400,,,,true,,GET,http://localhost:3000/movies,HTTP/1.1,default,,200,,,http://localhost:3000/movies,my_custom_tag=MongoDB,
http_req_failed,1777962804,0.000000,,,,true,,GET,http://localhost:3000/movies,HTTP/1.1,default,,200,,,http://localhost:3000/movies,my_custom_tag=MongoDB,
data_sent,1777962804,166.000000,,,,,,,,,default,,,,,,,
data_received,1777962804,12811.000000,,,,,,,,,default,,,,,,,
iteration_duration,1777962804,1041.951000,,,,,,,,,default,,,,,,,
iterations,1777962804,1.000000,,,,,,,,,default,,,,,,,
data_sent,1777962804,166.000000,,,,,,,,,default,,,,,,,
data_received,1777962804,12811.000000,,,,,,,,,default,,,,,,,
iteration_duration,1777962804,1027.160800,,,,,,,,,default,,,,,,,
iterations,1777962804,1.000000,,,,,,,,,default,,,,,,,
http_reqs,1777962804,1.000000,,,,true,,GET,http://localhost:3000/recommend/s1,HTTP/1.1,default,,200,,,http://localhost:3000/recommend/s1,my_custom_tag=Neo4j,
http_req_duration,1777962804,15.270000,,,,true,,GET,http://localhost:3000/recommend/s1,HTTP/1.1,default,,200,,,http://localhost:3000/recommend/s1,my_custom_tag=Neo4j,
http_req_blocked,1777962804,0.000000,,,,true,,GET,http://localhost:3000/recommend/s1,HTTP/1.1,default,,200,,,http://localhost:3000/recommend/s1,my_custom_tag=Neo4j,
http_req_connecting,1777962804,0.000000,,,,true,,GET,http://localhost:3000/recommend/s1,HTTP/1.1,default,,200,,,http://localhost:3000/recommend/s1,my_custom_tag=Neo4j,
http_req_tls_handshaking,1777962804,0.000000,,,,true,,GET,http://localhost:3000/recommend/s1,HTTP/1.1,default,,200,,,http://localhost:3000/recommend/s1,my_custom_tag=Neo4j,
http_req_sending,1777962804,0.000000,,,,true,,GET,http://localhost:3000/recommend/s1,HTTP/1.1,default,,200,,,http://localhost:3000/recommend/s1,my_custom_tag=Neo4j,
http_req_waiting,1777962804,15.270000,,,,true,,GET,http://localhost:3000/recommend/s1,HTTP/1.1,default,,200,,,http://localhost:3000/recommend/s1,my_custom_tag=Neo4j,
http_req_receiving,1777962804,0.000000,,,,true,,GET,http://localhost:3000/recommend/s1,HTTP/1.1,default,,200,,,http://localhost:3000/recommend/s1,my_custom_tag=Neo4j,
http_req_failed,1777962804,0.000000,,,,true,,GET,http://localhost:3000/recommend/s1,HTTP/1.1,default,,200,,,http://localhost:3000/recommend/s1,my_custom_tag=Neo4j,
http_reqs,1777962804,1.000000,,,,true,,GET,http://localhost:3000/recommend/s1,HTTP/1.1,default,,200,,,http://localhost:3000/recommend/s1,my_custom_tag=Neo4j,
http_req_duration,1777962804,14.345600,,,,true,,GET,http://localhost:3000/recommend/s1,HTTP/1.1,default,,200,,,http://localhost:3000/recommend/s1,my_custom_tag=Neo4j,
http_req_blocked,1777962804,0.000000,,,,true,,GET,http://localhost:3000/recommend/s1,HTTP/1.1,default,,200,,,http://localhost:3000/recommend/s1,my_custom_tag=Neo4j,
http_req_connecting,1777962804,0.000000,,,,true,,GET,http://localhost:3000/recommend/s1,HTTP/1.1,default,,200,,,http://localhost:3000/recommend/s1,my_custom_tag=Neo4j,
http_req_tls_handshaking,1777962804,0.000000,,,,true,,GET,http://localhost:3000/recommend/s1,HTTP/1.1,default,,200,,,http://localhost:3000/recommend/s1,my_custom_tag=Neo4j,
http_req_sending,1777962804,0.000000,,,,true,,GET,http://localhost:3000/recommend/s1,HTTP/1.1,default,,200,,,http://localhost:3000/recommend/s1,my_custom_tag=Neo4j,
http_req_waiting,1777962804,14.345600,,,,true,,GET,http://localhost:3000/recommend/s1,HTTP/1.1,default,,200,,,http://localhost:3000/recommend/s1,my_custom_tag=Neo4j,
http_req_receiving,1777962804,0.000000,,,,true,,GET,http://localhost:3000/recommend/s1,HTTP/1.1,default,,200,,,http://localhost:3000/recommend/s1,my_custom_tag=Neo4j,
http_req_failed,1777962804,0.000000,,,,true,,GET,http://localhost:3000/recommend/s1,HTTP/1.1,default,,200,,,http://localhost:3000/recommend/s1,my_custom_tag=Neo4j,
http_reqs,1777962804,1.000000,,,,true,,GET,http://localhost:3000/movies,HTTP/1.1,default,,200,,,http://localhost:3000/movies,my_custom_tag=MongoDB,
http_req_duration,1777962804,7.525900,,,,true,,GET,http://localhost:3000/movies,HTTP/1.1,default,,200,,,http://localhost:3000/movies,my_custom_tag=MongoDB,
http_req_blocked,1777962804,0.000000,,,,true,,GET,http://localhost:3000/movies,HTTP/1.1,default,,200,,,http://localhost:3000/movies,my_custom_tag=MongoDB,
http_req_connecting,1777962804,0.000000,,,,true,,GET,http://localhost:3000/movies,HTTP/1.1,default,,200,,,http://localhost:3000/movies,my_custom_tag=MongoDB,
http_req_tls_handshaking,1777962804,0.000000,,,,true,,GET,http://localhost:3000/movies,HTTP/1.1,default,,200,,,http://localhost:3000/movies,my_custom_tag=MongoDB,
http_req_sending,1777962804,0.000000,,,,true,,GET,http://localhost:3000/movies,HTTP/1.1,default,,200,,,http://localhost:3000/movies,my_custom_tag=MongoDB,
http_req_waiting,1777962804,6.770800,,,,true,,GET,http://localhost:3000/movies,HTTP/1.1,default,,200,,,http://localhost:3000/movies,my_custom_tag=MongoDB,
http_req_receiving,1777962804,0.755100,,,,true,,GET,http://localhost:3000/movies,HTTP/1.1,default,,200,,,http://localhost:3000/movies,my_custom_tag=MongoDB,
http_req_failed,1777962804,0.000000,,,,true,,GET,http://localhost:3000/movies,HTTP/1.1,default,,200,,,http://localhost:3000/movies,my_custom_tag=MongoDB,
http_reqs,1777962804,1.000000,,,,true,,GET,http://localhost:3000/movies,HTTP/1.1,default,,200,,,http://localhost:3000/movies,my_custom_tag=MongoDB,
http_req_duration,1777962804,5.496000,,,,true,,GET,http://localhost:3000/movies,HTTP/1.1,default,,200,,,http://localhost:3000/movies,my_custom_tag=MongoDB,
http_req_blocked,1777962804,0.000000,,,,true,,GET,http://localhost:3000/movies,HTTP/1.1,default,,200,,,http://localhost:3000/movies,my_custom_tag=MongoDB,
http_req_connecting,1777962804,0.000000,,,,true,,GET,http://localhost:3000/movies,HTTP/1.1,default,,200,,,http://localhost:3000/movies,my_custom_tag=MongoDB,
http_req_tls_handshaking,1777962804,0.000000,,,,true,,GET,http://localhost:3000/movies,HTTP/1.1,default,,200,,,http://localhost:3000/movies,my_custom_tag=MongoDB,
http_req_sending,1777962804,0.000000,,,,true,,GET,http://localhost:3000/movies,HTTP/1.1,default,,200,,,http://localhost:3000/movies,my_custom_tag=MongoDB,
http_req_waiting,1777962804,4.989200,,,,true,,GET,http://localhost:3000/movies,HTTP/1.1,default,,200,,,http://localhost:3000/movies,my_custom_tag=MongoDB,
http_req_receiving,1777962804,0.506800,,,,true,,GET,http://localhost:3000/movies,HTTP/1.1,default,,200,,,http://localhost:3000/movies,my_custom_tag=MongoDB,
http_req_failed,1777962804,0.000000,,,,true,,GET,http://localhost:3000/movies,HTTP/1.1,default,,200,,,http://localhost:3000/movies,my_custom_tag=MongoDB,
data_sent,1777962804,166.000000,,,,,,,,,default,,,,,,,
data_received,1777962804,12811.000000,,,,,,,,,default,,,,,,,
iteration_duration,1777962804,1029.868000,,,,,,,,,default,,,,,,,
iterations,1777962804,1.000000,,,,,,,,,default,,,,,,,
data_sent,1777962804,166.000000,,,,,,,,,default,,,,,,,
data_received,1777962804,12811.000000,,,,,,,,,default,,,,,,,
iteration_duration,1777962804,1033.129800,,,,,,,,,default,,,,,,,
iterations,1777962804,1.000000,,,,,,,,,default,,,,,,,
data_sent,1777962804,166.000000,,,,,,,,,default,,,,,,,
data_received,1777962804,12811.000000,,,,,,,,,default,,,,,,,
iteration_duration,1777962804,1033.129800,,,,,,,,,default,,,,,,,
iterations,1777962804,1.000000,,,,,,,,,default,,,,,,,
http_reqs,1777962804,1.000000,,,,true,,GET,http://localhost:3000/movies,HTTP/1.1,default,,200,,,http://localhost:3000/movies,my_custom_tag=MongoDB,
http_req_duration,1777962804,5.658400,,,,true,,GET,http://localhost:3000/movies,HTTP/1.1,default,,200,,,http://localhost:3000/movies,my_custom_tag=MongoDB,
http_req_blocked,1777962804,0.000000,,,,true,,GET,http://localhost:3000/movies,HTTP/1.1,default,,200,,,http://localhost:3000/movies,my_custom_tag=MongoDB,
http_req_connecting,1777962804,0.000000,,,,true,,GET,http://localhost:3000/movies,HTTP/1.1,default,,200,,,http://localhost:3000/movies,my_custom_tag=MongoDB,
http_req_tls_handshaking,1777962804,0.000000,,,,true,,GET,http://localhost:3000/movies,HTTP/1.1,default,,200,,,http://localhost:3000/movies,my_custom_tag=MongoDB,
http_req_sending,1777962804,0.000000,,,,true,,GET,http://localhost:3000/movies,HTTP/1.1,default,,200,,,http://localhost:3000/movies,my_custom_tag=MongoDB,
http_req_waiting,1777962804,5.658400,,,,true,,GET,http://localhost:3000/movies,HTTP/1.1,default,,200,,,http://localhost:3000/movies,my_custom_tag=MongoDB,
http_req_receiving,1777962804,0.000000,,,,true,,GET,http://localhost:3000/movies,HTTP/1.1,default,,200,,,http://localhost:3000/movies,my_custom_tag=MongoDB,
http_req_failed,1777962804,0.000000,,,,true,,GET,http://localhost:3000/movies,HTTP/1.1,default,,200,,,http://localhost:3000/movies,my_custom_tag=MongoDB,
http_reqs,1777962804,1.000000,,,,true,,GET,http://localhost:3000/movies,HTTP/1.1,default,,200,,,http://localhost:3000/movies,my_custom_tag=MongoDB,
http_req_duration,1777962804,7.876500,,,,true,,GET,http://localhost:3000/movies,HTTP/1.1,default,,200,,,http://localhost:3000/movies,my_custom_tag=MongoDB,
http_req_blocked,1777962804,0.000000,,,,true,,GET,http://localhost:3000/movies,HTTP/1.1,default,,200,,,http://localhost:3000/movies,my_custom_tag=MongoDB,
http_req_connecting,1777962804,0.000000,,,,true,,GET,http://localhost:3000/movies,HTTP/1.1,default,,200,,,http://localhost:3000/movies,my_custom_tag=MongoDB,
http_req_tls_handshaking,1777962804,0.000000,,,,true,,GET,http://localhost:3000/movies,HTTP/1.1,default,,200,,,http://localhost:3000/movies,my_custom_tag=MongoDB,
http_req_sending,1777962804,0.000000,,,,true,,GET,http://localhost:3000/movies,HTTP/1.1,default,,200,,,http://localhost:3000/movies,my_custom_tag=MongoDB,
http_req_waiting,1777962804,7.078300,,,,true,,GET,http://localhost:3000/movies,HTTP/1.1,default,,200,,,http://localhost:3000/movies,my_custom_tag=MongoDB,
http_req_receiving,1777962804,0.798200,,,,true,,GET,http://localhost:3000/movies,HTTP/1.1,default,,200,,,http://localhost:3000/movies,my_custom_tag=MongoDB,
http_req_failed,1777962804,0.000000,,,,true,,GET,http://localhost:3000/movies,HTTP/1.1,default,,200,,,http://localhost:3000/movies,my_custom_tag=MongoDB,
http_reqs,1777962804,1.000000,,,,true,,GET,http://localhost:3000/movies,HTTP/1.1,default,,200,,,http://localhost:3000/movies,my_custom_tag=MongoDB,
http_req_duration,1777962804,8.395400,,,,true,,GET,http://localhost:3000/movies,HTTP/1.1,default,,200,,,http://localhost:3000/movies,my_custom_tag=MongoDB,
http_req_blocked,1777962804,0.000000,,,,true,,GET,http://localhost:3000/movies,HTTP/1.1,default,,200,,,http://localhost:3000/movies,my_custom_tag=MongoDB,
http_req_connecting,1777962804,0.000000,,,,true,,GET,http://localhost:3000/movies,HTTP/1.1,default,,200,,,http://localhost:3000/movies,my_custom_tag=MongoDB,
http_req_tls_handshaking,1777962804,0.000000,,,,true,,GET,http://localhost:3000/movies,HTTP/1.1,default,,200,,,http://localhost:3000/movies,my_custom_tag=MongoDB,
http_req_sending,1777962804,0.000000,,,,true,,GET,http://localhost:3000/movies,HTTP/1.1,default,,200,,,http://localhost:3000/movies,my_custom_tag=MongoDB,
http_req_waiting,1777962804,8.395400,,,,true,,GET,http://localhost:3000/movies,HTTP/1.1,default,,200,,,http://localhost:3000/movies,my_custom_tag=MongoDB,
http_req_receiving,1777962804,0.000000,,,,true,,GET,http://localhost:3000/movies,HTTP/1.1,default,,200,,,http://localhost:3000/movies,my_custom_tag=MongoDB,
http_req_failed,1777962804,0.000000,,,,true,,GET,http://localhost:3000/movies,HTTP/1.1,default,,200,,,http://localhost:3000/movies,my_custom_tag=MongoDB,
data_sent,1777962804,166.000000,,,,,,,,,default,,,,,,,
data_received,1777962804,12811.000000,,,,,,,,,default,,,,,,,
iteration_duration,1777962804,1030.399800,,,,,,,,,default,,,,,,,
iterations,1777962804,1.000000,,,,,,,,,default,,,,,,,
data_sent,1777962804,166.000000,,,,,,,,,default,,,,,,,
data_received,1777962804,12811.000000,,,,,,,,,default,,,,,,,
iteration_duration,1777962804,1029.089500,,,,,,,,,default,,,,,,,
iterations,1777962804,1.000000,,,,,,,,,default,,,,,,,
http_reqs,1777962804,1.000000,,,,true,,GET,http://localhost:3000/recommend/s1,HTTP/1.1,default,,200,,,http://localhost:3000/recommend/s1,my_custom_tag=Neo4j,
http_req_duration,1777962804,12.732600,,,,true,,GET,http://localhost:3000/recommend/s1,HTTP/1.1,default,,200,,,http://localhost:3000/recommend/s1,my_custom_tag=Neo4j,
http_req_blocked,1777962804,0.000000,,,,true,,GET,http://localhost:3000/recommend/s1,HTTP/1.1,default,,200,,,http://localhost:3000/recommend/s1,my_custom_tag=Neo4j,
http_req_connecting,1777962804,0.000000,,,,true,,GET,http://localhost:3000/recommend/s1,HTTP/1.1,default,,200,,,http://localhost:3000/recommend/s1,my_custom_tag=Neo4j,
http_req_tls_handshaking,1777962804,0.000000,,,,true,,GET,http://localhost:3000/recommend/s1,HTTP/1.1,default,,200,,,http://localhost:3000/recommend/s1,my_custom_tag=Neo4j,
http_req_sending,1777962804,0.000000,,,,true,,GET,http://localhost:3000/recommend/s1,HTTP/1.1,default,,200,,,http://localhost:3000/recommend/s1,my_custom_tag=Neo4j,
http_req_waiting,1777962804,12.732600,,,,true,,GET,http://localhost:3000/recommend/s1,HTTP/1.1,default,,200,,,http://localhost:3000/recommend/s1,my_custom_tag=Neo4j,
http_req_receiving,1777962804,0.000000,,,,true,,GET,http://localhost:3000/recommend/s1,HTTP/1.1,default,,200,,,http://localhost:3000/recommend/s1,my_custom_tag=Neo4j,
http_req_failed,1777962804,0.000000,,,,true,,GET,http://localhost:3000/recommend/s1,HTTP/1.1,default,,200,,,http://localhost:3000/recommend/s1,my_custom_tag=Neo4j,
http_reqs,1777962804,1.000000,,,,true,,GET,http://localhost:3000/recommend/s1,HTTP/1.1,default,,200,,,http://localhost:3000/recommend/s1,my_custom_tag=Neo4j,
http_req_duration,1777962804,13.239400,,,,true,,GET,http://localhost:3000/recommend/s1,HTTP/1.1,default,,200,,,http://localhost:3000/recommend/s1,my_custom_tag=Neo4j,
http_req_blocked,1777962804,0.000000,,,,true,,GET,http://localhost:3000/recommend/s1,HTTP/1.1,default,,200,,,http://localhost:3000/recommend/s1,my_custom_tag=Neo4j,
http_req_connecting,1777962804,0.000000,,,,true,,GET,http://localhost:3000/recommend/s1,HTTP/1.1,default,,200,,,http://localhost:3000/recommend/s1,my_custom_tag=Neo4j,
http_req_tls_handshaking,1777962804,0.000000,,,,true,,GET,http://localhost:3000/recommend/s1,HTTP/1.1,default,,200,,,http://localhost:3000/recommend/s1,my_custom_tag=Neo4j,
http_req_sending,1777962804,0.000000,,,,true,,GET,http://localhost:3000/recommend/s1,HTTP/1.1,default,,200,,,http://localhost:3000/recommend/s1,my_custom_tag=Neo4j,
http_req_waiting,1777962804,13.239400,,,,true,,GET,http://localhost:3000/recommend/s1,HTTP/1.1,default,,200,,,http://localhost:3000/recommend/s1,my_custom_tag=Neo4j,
http_req_receiving,1777962804,0.000000,,,,true,,GET,http://localhost:3000/recommend/s1,HTTP/1.1,default,,200,,,http://localhost:3000/recommend/s1,my_custom_tag=Neo4j,
http_req_failed,1777962804,0.000000,,,,true,,GET,http://localhost:3000/recommend/s1,HTTP/1.1,default,,200,,,http://localhost:3000/recommend/s1,my_custom_tag=Neo4j,
data_sent,1777962804,166.000000,,,,,,,,,default,,,,,,,
data_received,1777962804,12811.000000,,,,,,,,,default,,,,,,,
iteration_duration,1777962804,1032.026000,,,,,,,,,default,,,,,,,
iterations,1777962804,1.000000,,,,,,,,,default,,,,,,,
http_reqs,1777962804,1.000000,,,,true,,GET,http://localhost:3000/movies,HTTP/1.1,default,,200,,,http://localhost:3000/movies,my_custom_tag=MongoDB,
http_req_duration,1777962804,8.483200,,,,true,,GET,http://localhost:3000/movies,HTTP/1.1,default,,200,,,http://localhost:3000/movies,my_custom_tag=MongoDB,
http_req_blocked,1777962804,0.000000,,,,true,,GET,http://localhost:3000/movies,HTTP/1.1,default,,200,,,http://localhost:3000/movies,my_custom_tag=MongoDB,
http_req_connecting,1777962804,0.000000,,,,true,,GET,http://localhost:3000/movies,HTTP/1.1,default,,200,,,http://localhost:3000/movies,my_custom_tag=MongoDB,
http_req_tls_handshaking,1777962804,0.000000,,,,true,,GET,http://localhost:3000/movies,HTTP/1.1,default,,200,,,http://localhost:3000/movies,my_custom_tag=MongoDB,
http_req_sending,1777962804,0.000000,,,,true,,GET,http://localhost:3000/movies,HTTP/1.1,default,,200,,,http://localhost:3000/movies,my_custom_tag=MongoDB,
http_req_waiting,1777962804,7.716800,,,,true,,GET,http://localhost:3000/movies,HTTP/1.1,default,,200,,,http://localhost:3000/movies,my_custom_tag=MongoDB,
http_req_receiving,1777962804,0.766400,,,,true,,GET,http://localhost:3000/movies,HTTP/1.1,default,,200,,,http://localhost:3000/movies,my_custom_tag=MongoDB,
http_req_failed,1777962804,0.000000,,,,true,,GET,http://localhost:3000/movies,HTTP/1.1,default,,200,,,http://localhost:3000/movies,my_custom_tag=MongoDB,
http_reqs,1777962804,1.000000,,,,true,,GET,http://localhost:3000/movies,HTTP/1.1,default,,200,,,http://localhost:3000/movies,my_custom_tag=MongoDB,
http_req_duration,1777962804,8.464400,,,,true,,GET,http://localhost:3000/movies,HTTP/1.1,default,,200,,,http://localhost:3000/movies,my_custom_tag=MongoDB,
http_req_blocked,1777962804,0.000000,,,,true,,GET,http://localhost:3000/movies,HTTP/1.1,default,,200,,,http://localhost:3000/movies,my_custom_tag=MongoDB,
http_req_connecting,1777962804,0.000000,,,,true,,GET,http://localhost:3000/movies,HTTP/1.1,default,,200,,,http://localhost:3000/movies,my_custom_tag=MongoDB,
http_req_tls_handshaking,1777962804,0.000000,,,,true,,GET,http://localhost:3000/movies,HTTP/1.1,default,,200,,,http://localhost:3000/movies,my_custom_tag=MongoDB,
http_req_sending,1777962804,0.000000,,,,true,,GET,http://localhost:3000/movies,HTTP/1.1,default,,200,,,http://localhost:3000/movies,my_custom_tag=MongoDB,
http_req_waiting,1777962804,8.464400,,,,true,,GET,http://localhost:3000/movies,HTTP/1.1,default,,200,,,http://localhost:3000/movies,my_custom_tag=MongoDB,
http_req_receiving,1777962804,0.000000,,,,true,,GET,http://localhost:3000/movies,HTTP/1.1,default,,200,,,http://localhost:3000/movies,my_custom_tag=MongoDB,
http_req_failed,1777962804,0.000000,,,,true,,GET,http://localhost:3000/movies,HTTP/1.1,default,,200,,,http://localhost:3000/movies,my_custom_tag=MongoDB,
http_reqs,1777962804,1.000000,,,,true,,GET,http://localhost:3000/recommend/s1,HTTP/1.1,default,,200,,,http://localhost:3000/recommend/s1,my_custom_tag=Neo4j,
http_req_duration,1777962804,14.031700,,,,true,,GET,http://localhost:3000/recommend/s1,HTTP/1.1,default,,200,,,http://localhost:3000/recommend/s1,my_custom_tag=Neo4j,
http_req_blocked,1777962804,0.000000,,,,true,,GET,http://localhost:3000/recommend/s1,HTTP/1.1,default,,200,,,http://localhost:3000/recommend/s1,my_custom_tag=Neo4j,
http_req_connecting,1777962804,0.000000,,,,true,,GET,http://localhost:3000/recommend/s1,HTTP/1.1,default,,200,,,http://localhost:3000/recommend/s1,my_custom_tag=Neo4j,
http_req_tls_handshaking,1777962804,0.000000,,,,true,,GET,http://localhost:3000/recommend/s1,HTTP/1.1,default,,200,,,http://localhost:3000/recommend/s1,my_custom_tag=Neo4j,
http_req_sending,1777962804,0.000000,,,,true,,GET,http://localhost:3000/recommend/s1,HTTP/1.1,default,,200,,,http://localhost:3000/recommend/s1,my_custom_tag=Neo4j,
http_req_waiting,1777962804,13.553900,,,,true,,GET,http://localhost:3000/recommend/s1,HTTP/1.1,default,,200,,,http://localhost:3000/recommend/s1,my_custom_tag=Neo4j,
http_req_receiving,1777962804,0.477800,,,,true,,GET,http://localhost:3000/recommend/s1,HTTP/1.1,default,,200,,,http://localhost:3000/recommend/s1,my_custom_tag=Neo4j,
http_req_failed,1777962804,0.000000,,,,true,,GET,http://localhost:3000/recommend/s1,HTTP/1.1,default,,200,,,http://localhost:3000/recommend/s1,my_custom_tag=Neo4j,
http_reqs,1777962804,1.000000,,,,true,,GET,http://localhost:3000/movies,HTTP/1.1,default,,200,,,http://localhost:3000/movies,my_custom_tag=MongoDB,
http_req_duration,1777962804,9.626500,,,,true,,GET,http://localhost:3000/movies,HTTP/1.1,default,,200,,,http://localhost:3000/movies,my_custom_tag=MongoDB,
http_req_blocked,1777962804,0.000000,,,,true,,GET,http://localhost:3000/movies,HTTP/1.1,default,,200,,,http://localhost:3000/movies,my_custom_tag=MongoDB,
http_req_connecting,1777962804,0.000000,,,,true,,GET,http://localhost:3000/movies,HTTP/1.1,default,,200,,,http://localhost:3000/movies,my_custom_tag=MongoDB,
http_req_tls_handshaking,1777962804,0.000000,,,,true,,GET,http://localhost:3000/movies,HTTP/1.1,default,,200,,,http://localhost:3000/movies,my_custom_tag=MongoDB,
http_req_sending,1777962804,0.000000,,,,true,,GET,http://localhost:3000/movies,HTTP/1.1,default,,200,,,http://localhost:3000/movies,my_custom_tag=MongoDB,
http_req_waiting,1777962804,9.626500,,,,true,,GET,http://localhost:3000/movies,HTTP/1.1,default,,200,,,http://localhost:3000/movies,my_custom_tag=MongoDB,
http_req_receiving,1777962804,0.000000,,,,true,,GET,http://localhost:3000/movies,HTTP/1.1,default,,200,,,http://localhost:3000/movies,my_custom_tag=MongoDB,
http_req_failed,1777962804,0.000000,,,,true,,GET,http://localhost:3000/movies,HTTP/1.1,default,,200,,,http://localhost:3000/movies,my_custom_tag=MongoDB,
http_reqs,1777962804,1.000000,,,,true,,GET,http://localhost:3000/recommend/s1,HTTP/1.1,default,,200,,,http://localhost:3000/recommend/s1,my_custom_tag=Neo4j,
http_req_duration,1777962804,17.499800,,,,true,,GET,http://localhost:3000/recommend/s1,HTTP/1.1,default,,200,,,http://localhost:3000/recommend/s1,my_custom_tag=Neo4j,
http_req_blocked,1777962804,0.000000,,,,true,,GET,http://localhost:3000/recommend/s1,HTTP/1.1,default,,200,,,http://localhost:3000/recommend/s1,my_custom_tag=Neo4j,
http_req_connecting,1777962804,0.000000,,,,true,,GET,http://localhost:3000/recommend/s1,HTTP/1.1,default,,200,,,http://localhost:3000/recommend/s1,my_custom_tag=Neo4j,
http_req_tls_handshaking,1777962804,0.000000,,,,true,,GET,http://localhost:3000/recommend/s1,HTTP/1.1,default,,200,,,http://localhost:3000/recommend/s1,my_custom_tag=Neo4j,
http_req_sending,1777962804,0.000000,,,,true,,GET,http://localhost:3000/recommend/s1,HTTP/1.1,default,,200,,,http://localhost:3000/recommend/s1,my_custom_tag=Neo4j,
http_req_waiting,1777962804,17.499800,,,,true,,GET,http://localhost:3000/recommend/s1,HTTP/1.1,default,,200,,,http://localhost:3000/recommend/s1,my_custom_tag=Neo4j,
http_req_receiving,1777962804,0.000000,,,,true,,GET,http://localhost:3000/recommend/s1,HTTP/1.1,default,,200,,,http://localhost:3000/recommend/s1,my_custom_tag=Neo4j,
http_req_failed,1777962804,0.000000,,,,true,,GET,http://localhost:3000/recommend/s1,HTTP/1.1,default,,200,,,http://localhost:3000/recommend/s1,my_custom_tag=Neo4j,
http_reqs,1777962804,1.000000,,,,true,,GET,http://localhost:3000/recommend/s1,HTTP/1.1,default,,200,,,http://localhost:3000/recommend/s1,my_custom_tag=Neo4j,
http_req_duration,1777962804,15.643400,,,,true,,GET,http://localhost:3000/recommend/s1,HTTP/1.1,default,,200,,,http://localhost:3000/recommend/s1,my_custom_tag=Neo4j,
http_req_blocked,1777962804,0.000000,,,,true,,GET,http://localhost:3000/recommend/s1,HTTP/1.1,default,,200,,,http://localhost:3000/recommend/s1,my_custom_tag=Neo4j,
http_req_connecting,1777962804,0.000000,,,,true,,GET,http://localhost:3000/recommend/s1,HTTP/1.1,default,,200,,,http://localhost:3000/recommend/s1,my_custom_tag=Neo4j,
http_req_tls_handshaking,1777962804,0.000000,,,,true,,GET,http://localhost:3000/recommend/s1,HTTP/1.1,default,,200,,,http://localhost:3000/recommend/s1,my_custom_tag=Neo4j,
http_req_sending,1777962804,0.000000,,,,true,,GET,http://localhost:3000/recommend/s1,HTTP/1.1,default,,200,,,http://localhost:3000/recommend/s1,my_custom_tag=Neo4j,
http_req_waiting,1777962804,14.995300,,,,true,,GET,http://localhost:3000/recommend/s1,HTTP/1.1,default,,200,,,http://localhost:3000/recommend/s1,my_custom_tag=Neo4j,
http_req_receiving,1777962804,0.648100,,,,true,,GET,http://localhost:3000/recommend/s1,HTTP/1.1,default,,200,,,http://localhost:3000/recommend/s1,my_custom_tag=Neo4j,
http_req_failed,1777962804,0.000000,,,,true,,GET,http://localhost:3000/recommend/s1,HTTP/1.1,default,,200,,,http://localhost:3000/recommend/s1,my_custom_tag=Neo4j,
http_reqs,1777962804,1.000000,,,,true,,GET,http://localhost:3000/recommend/s1,HTTP/1.1,default,,200,,,http://localhost:3000/recommend/s1,my_custom_tag=Neo4j,
http_req_duration,1777962804,16.805500,,,,true,,GET,http://localhost:3000/recommend/s1,HTTP/1.1,default,,200,,,http://localhost:3000/recommend/s1,my_custom_tag=Neo4j,
http_req_blocked,1777962804,0.000000,,,,true,,GET,http://localhost:3000/recommend/s1,HTTP/1.1,default,,200,,,http://localhost:3000/recommend/s1,my_custom_tag=Neo4j,
http_req_connecting,1777962804,0.000000,,,,true,,GET,http://localhost:3000/recommend/s1,HTTP/1.1,default,,200,,,http://localhost:3000/recommend/s1,my_custom_tag=Neo4j,
http_req_tls_handshaking,1777962804,0.000000,,,,true,,GET,http://localhost:3000/recommend/s1,HTTP/1.1,default,,200,,,http://localhost:3000/recommend/s1,my_custom_tag=Neo4j,
http_req_sending,1777962804,0.000000,,,,true,,GET,http://localhost:3000/recommend/s1,HTTP/1.1,default,,200,,,http://localhost:3000/recommend/s1,my_custom_tag=Neo4j,
http_req_waiting,1777962804,16.380900,,,,true,,GET,http://localhost:3000/recommend/s1,HTTP/1.1,default,,200,,,http://localhost:3000/recommend/s1,my_custom_tag=Neo4j,
http_req_receiving,1777962804,0.424600,,,,true,,GET,http://localhost:3000/recommend/s1,HTTP/1.1,default,,200,,,http://localhost:3000/recommend/s1,my_custom_tag=Neo4j,
http_req_failed,1777962804,0.000000,,,,true,,GET,http://localhost:3000/recommend/s1,HTTP/1.1,default,,200,,,http://localhost:3000/recommend/s1,my_custom_tag=Neo4j,
http_reqs,1777962804,1.000000,,,,true,,GET,http://localhost:3000/recommend/s1,HTTP/1.1,default,,200,,,http://localhost:3000/recommend/s1,my_custom_tag=Neo4j,
http_req_duration,1777962804,13.220000,,,,true,,GET,http://localhost:3000/recommend/s1,HTTP/1.1,default,,200,,,http://localhost:3000/recommend/s1,my_custom_tag=Neo4j,
http_req_blocked,1777962804,0.000000,,,,true,,GET,http://localhost:3000/recommend/s1,HTTP/1.1,default,,200,,,http://localhost:3000/recommend/s1,my_custom_tag=Neo4j,
http_req_connecting,1777962804,0.000000,,,,true,,GET,http://localhost:3000/recommend/s1,HTTP/1.1,default,,200,,,http://localhost:3000/recommend/s1,my_custom_tag=Neo4j,
http_req_tls_handshaking,1777962804,0.000000,,,,true,,GET,http://localhost:3000/recommend/s1,HTTP/1.1,default,,200,,,http://localhost:3000/recommend/s1,my_custom_tag=Neo4j,
http_req_sending,1777962804,0.000000,,,,true,,GET,http://localhost:3000/recommend/s1,HTTP/1.1,default,,200,,,http://localhost:3000/recommend/s1,my_custom_tag=Neo4j,
http_req_waiting,1777962804,13.220000,,,,true,,GET,http://localhost:3000/recommend/s1,HTTP/1.1,default,,200,,,http://localhost:3000/recommend/s1,my_custom_tag=Neo4j,
http_req_receiving,1777962804,0.000000,,,,true,,GET,http://localhost:3000/recommend/s1,HTTP/1.1,default,,200,,,http://localhost:3000/recommend/s1,my_custom_tag=Neo4j,
http_req_failed,1777962804,0.000000,,,,true,,GET,http://localhost:3000/recommend/s1,HTTP/1.1,default,,200,,,http://localhost:3000/recommend/s1,my_custom_tag=Neo4j,
http_reqs,1777962804,1.000000,,,,true,,GET,http://localhost:3000/recommend/s1,HTTP/1.1,default,,200,,,http://localhost:3000/recommend/s1,my_custom_tag=Neo4j,
http_req_duration,1777962804,15.253800,,,,true,,GET,http://localhost:3000/recommend/s1,HTTP/1.1,default,,200,,,http://localhost:3000/recommend/s1,my_custom_tag=Neo4j,
http_req_blocked,1777962804,0.000000,,,,true,,GET,http://localhost:3000/recommend/s1,HTTP/1.1,default,,200,,,http://localhost:3000/recommend/s1,my_custom_tag=Neo4j,
http_req_connecting,1777962804,0.000000,,,,true,,GET,http://localhost:3000/recommend/s1,HTTP/1.1,default,,200,,,http://localhost:3000/recommend/s1,my_custom_tag=Neo4j,
http_req_tls_handshaking,1777962804,0.000000,,,,true,,GET,http://localhost:3000/recommend/s1,HTTP/1.1,default,,200,,,http://localhost:3000/recommend/s1,my_custom_tag=Neo4j,
http_req_sending,1777962804,0.000000,,,,true,,GET,http://localhost:3000/recommend/s1,HTTP/1.1,default,,200,,,http://localhost:3000/recommend/s1,my_custom_tag=Neo4j,
http_req_waiting,1777962804,15.253800,,,,true,,GET,http://localhost:3000/recommend/s1,HTTP/1.1,default,,200,,,http://localhost:3000/recommend/s1,my_custom_tag=Neo4j,
http_req_receiving,1777962804,0.000000,,,,true,,GET,http://localhost:3000/recommend/s1,HTTP/1.1,default,,200,,,http://localhost:3000/recommend/s1,my_custom_tag=Neo4j,
http_req_failed,1777962804,0.000000,,,,true,,GET,http://localhost:3000/recommend/s1,HTTP/1.1,default,,200,,,http://localhost:3000/recommend/s1,my_custom_tag=Neo4j,
vus,1777962804,10.000000,,,,,,,,,,,,,,,,
vus_max,1777962804,10.000000,,,,,,,,,,,,,,,,
data_sent,1777962805,166.000000,,,,,,,,,default,,,,,,,
data_received,1777962805,12811.000000,,,,,,,,,default,,,,,,,
iteration_duration,1777962805,1020.464900,,,,,,,,,default,,,,,,,
iterations,1777962805,1.000000,,,,,,,,,default,,,,,,,
data_sent,1777962805,166.000000,,,,,,,,,default,,,,,,,
data_received,1777962805,12811.000000,,,,,,,,,default,,,,,,,
iteration_duration,1777962805,1023.014200,,,,,,,,,default,,,,,,,
iterations,1777962805,1.000000,,,,,,,,,default,,,,,,,
http_reqs,1777962805,1.000000,,,,true,,GET,http://localhost:3000/movies,HTTP/1.1,default,,200,,,http://localhost:3000/movies,my_custom_tag=MongoDB,
http_req_duration,1777962805,8.042900,,,,true,,GET,http://localhost:3000/movies,HTTP/1.1,default,,200,,,http://localhost:3000/movies,my_custom_tag=MongoDB,
http_req_blocked,1777962805,0.000000,,,,true,,GET,http://localhost:3000/movies,HTTP/1.1,default,,200,,,http://localhost:3000/movies,my_custom_tag=MongoDB,
http_req_connecting,1777962805,0.000000,,,,true,,GET,http://localhost:3000/movies,HTTP/1.1,default,,200,,,http://localhost:3000/movies,my_custom_tag=MongoDB,
http_req_tls_handshaking,1777962805,0.000000,,,,true,,GET,http://localhost:3000/movies,HTTP/1.1,default,,200,,,http://localhost:3000/movies,my_custom_tag=MongoDB,
http_req_sending,1777962805,0.000000,,,,true,,GET,http://localhost:3000/movies,HTTP/1.1,default,,200,,,http://localhost:3000/movies,my_custom_tag=MongoDB,
http_req_waiting,1777962805,8.042900,,,,true,,GET,http://localhost:3000/movies,HTTP/1.1,default,,200,,,http://localhost:3000/movies,my_custom_tag=MongoDB,
http_req_receiving,1777962805,0.000000,,,,true,,GET,http://localhost:3000/movies,HTTP/1.1,default,,200,,,http://localhost:3000/movies,my_custom_tag=MongoDB,
http_req_failed,1777962805,0.000000,,,,true,,GET,http://localhost:3000/movies,HTTP/1.1,default,,200,,,http://localhost:3000/movies,my_custom_tag=MongoDB,
http_reqs,1777962805,1.000000,,,,true,,GET,http://localhost:3000/movies,HTTP/1.1,default,,200,,,http://localhost:3000/movies,my_custom_tag=MongoDB,
http_req_duration,1777962805,9.162600,,,,true,,GET,http://localhost:3000/movies,HTTP/1.1,default,,200,,,http://localhost:3000/movies,my_custom_tag=MongoDB,
http_req_blocked,1777962805,0.000000,,,,true,,GET,http://localhost:3000/movies,HTTP/1.1,default,,200,,,http://localhost:3000/movies,my_custom_tag=MongoDB,
http_req_connecting,1777962805,0.000000,,,,true,,GET,http://localhost:3000/movies,HTTP/1.1,default,,200,,,http://localhost:3000/movies,my_custom_tag=MongoDB,
http_req_tls_handshaking,1777962805,0.000000,,,,true,,GET,http://localhost:3000/movies,HTTP/1.1,default,,200,,,http://localhost:3000/movies,my_custom_tag=MongoDB,
http_req_sending,1777962805,0.000000,,,,true,,GET,http://localhost:3000/movies,HTTP/1.1,default,,200,,,http://localhost:3000/movies,my_custom_tag=MongoDB,
http_req_waiting,1777962805,8.319300,,,,true,,GET,http://localhost:3000/movies,HTTP/1.1,default,,200,,,http://localhost:3000/movies,my_custom_tag=MongoDB,
http_req_receiving,1777962805,0.843300,,,,true,,GET,http://localhost:3000/movies,HTTP/1.1,default,,200,,,http://localhost:3000/movies,my_custom_tag=MongoDB,
http_req_failed,1777962805,0.000000,,,,true,,GET,http://localhost:3000/movies,HTTP/1.1,default,,200,,,http://localhost:3000/movies,my_custom_tag=MongoDB,
data_sent,1777962805,166.000000,,,,,,,,,default,,,,,,,
data_received,1777962805,12811.000000,,,,,,,,,default,,,,,,,
iteration_duration,1777962805,1018.544900,,,,,,,,,default,,,,,,,
iterations,1777962805,1.000000,,,,,,,,,default,,,,,,,
data_sent,1777962805,166.000000,,,,,,,,,default,,,,,,,
data_received,1777962805,12811.000000,,,,,,,,,default,,,,,,,
iteration_duration,1777962805,1022.550800,,,,,,,,,default,,,,,,,
iterations,1777962805,1.000000,,,,,,,,,default,,,,,,,
http_reqs,1777962805,1.000000,,,,true,,GET,http://localhost:3000/movies,HTTP/1.1,default,,200,,,http://localhost:3000/movies,my_custom_tag=MongoDB,
http_req_duration,1777962805,7.417300,,,,true,,GET,http://localhost:3000/movies,HTTP/1.1,default,,200,,,http://localhost:3000/movies,my_custom_tag=MongoDB,
http_req_blocked,1777962805,0.000000,,,,true,,GET,http://localhost:3000/movies,HTTP/1.1,default,,200,,,http://localhost:3000/movies,my_custom_tag=MongoDB,
http_req_connecting,1777962805,0.000000,,,,true,,GET,http://localhost:3000/movies,HTTP/1.1,default,,200,,,http://localhost:3000/movies,my_custom_tag=MongoDB,
http_req_tls_handshaking,1777962805,0.000000,,,,true,,GET,http://localhost:3000/movies,HTTP/1.1,default,,200,,,http://localhost:3000/movies,my_custom_tag=MongoDB,
http_req_sending,1777962805,0.000000,,,,true,,GET,http://localhost:3000/movies,HTTP/1.1,default,,200,,,http://localhost:3000/movies,my_custom_tag=MongoDB,
http_req_waiting,1777962805,7.015500,,,,true,,GET,http://localhost:3000/movies,HTTP/1.1,default,,200,,,http://localhost:3000/movies,my_custom_tag=MongoDB,
http_req_receiving,1777962805,0.401800,,,,true,,GET,http://localhost:3000/movies,HTTP/1.1,default,,200,,,http://localhost:3000/movies,my_custom_tag=MongoDB,
http_req_failed,1777962805,0.000000,,,,true,,GET,http://localhost:3000/movies,HTTP/1.1,default,,200,,,http://localhost:3000/movies,my_custom_tag=MongoDB,
http_reqs,1777962805,1.000000,,,,true,,GET,http://localhost:3000/recommend/s1,HTTP/1.1,default,,200,,,http://localhost:3000/recommend/s1,my_custom_tag=Neo4j,
http_req_duration,1777962805,15.154200,,,,true,,GET,http://localhost:3000/recommend/s1,HTTP/1.1,default,,200,,,http://localhost:3000/recommend/s1,my_custom_tag=Neo4j,
http_req_blocked,1777962805,0.000000,,,,true,,GET,http://localhost:3000/recommend/s1,HTTP/1.1,default,,200,,,http://localhost:3000/recommend/s1,my_custom_tag=Neo4j,
http_req_connecting,1777962805,0.000000,,,,true,,GET,http://localhost:3000/recommend/s1,HTTP/1.1,default,,200,,,http://localhost:3000/recommend/s1,my_custom_tag=Neo4j,
http_req_tls_handshaking,1777962805,0.000000,,,,true,,GET,http://localhost:3000/recommend/s1,HTTP/1.1,default,,200,,,http://localhost:3000/recommend/s1,my_custom_tag=Neo4j,
http_req_sending,1777962805,0.000000,,,,true,,GET,http://localhost:3000/recommend/s1,HTTP/1.1,default,,200,,,http://localhost:3000/recommend/s1,my_custom_tag=Neo4j,
http_req_waiting,1777962805,15.154200,,,,true,,GET,http://localhost:3000/recommend/s1,HTTP/1.1,default,,200,,,http://localhost:3000/recommend/s1,my_custom_tag=Neo4j,
http_req_receiving,1777962805,0.000000,,,,true,,GET,http://localhost:3000/recommend/s1,HTTP/1.1,default,,200,,,http://localhost:3000/recommend/s1,my_custom_tag=Neo4j,
http_req_failed,1777962805,0.000000,,,,true,,GET,http://localhost:3000/recommend/s1,HTTP/1.1,default,,200,,,http://localhost:3000/recommend/s1,my_custom_tag=Neo4j,
http_reqs,1777962805,1.000000,,,,true,,GET,http://localhost:3000/recommend/s1,HTTP/1.1,default,,200,,,http://localhost:3000/recommend/s1,my_custom_tag=Neo4j,
http_req_duration,1777962805,14.874700,,,,true,,GET,http://localhost:3000/recommend/s1,HTTP/1.1,default,,200,,,http://localhost:3000/recommend/s1,my_custom_tag=Neo4j,
http_req_blocked,1777962805,0.000000,,,,true,,GET,http://localhost:3000/recommend/s1,HTTP/1.1,default,,200,,,http://localhost:3000/recommend/s1,my_custom_tag=Neo4j,
http_req_connecting,1777962805,0.000000,,,,true,,GET,http://localhost:3000/recommend/s1,HTTP/1.1,default,,200,,,http://localhost:3000/recommend/s1,my_custom_tag=Neo4j,
http_req_tls_handshaking,1777962805,0.000000,,,,true,,GET,http://localhost:3000/recommend/s1,HTTP/1.1,default,,200,,,http://localhost:3000/recommend/s1,my_custom_tag=Neo4j,
http_req_sending,1777962805,0.000000,,,,true,,GET,http://localhost:3000/recommend/s1,HTTP/1.1,default,,200,,,http://localhost:3000/recommend/s1,my_custom_tag=Neo4j,
http_req_waiting,1777962805,14.874700,,,,true,,GET,http://localhost:3000/recommend/s1,HTTP/1.1,default,,200,,,http://localhost:3000/recommend/s1,my_custom_tag=Neo4j,
http_req_receiving,1777962805,0.000000,,,,true,,GET,http://localhost:3000/recommend/s1,HTTP/1.1,default,,200,,,http://localhost:3000/recommend/s1,my_custom_tag=Neo4j,
http_req_failed,1777962805,0.000000,,,,true,,GET,http://localhost:3000/recommend/s1,HTTP/1.1,default,,200,,,http://localhost:3000/recommend/s1,my_custom_tag=Neo4j,
http_reqs,1777962805,1.000000,,,,true,,GET,http://localhost:3000/movies,HTTP/1.1,default,,200,,,http://localhost:3000/movies,my_custom_tag=MongoDB,
http_req_duration,1777962805,9.783000,,,,true,,GET,http://localhost:3000/movies,HTTP/1.1,default,,200,,,http://localhost:3000/movies,my_custom_tag=MongoDB,
http_req_blocked,1777962805,0.000000,,,,true,,GET,http://localhost:3000/movies,HTTP/1.1,default,,200,,,http://localhost:3000/movies,my_custom_tag=MongoDB,
http_req_connecting,1777962805,0.000000,,,,true,,GET,http://localhost:3000/movies,HTTP/1.1,default,,200,,,http://localhost:3000/movies,my_custom_tag=MongoDB,
http_req_tls_handshaking,1777962805,0.000000,,,,true,,GET,http://localhost:3000/movies,HTTP/1.1,default,,200,,,http://localhost:3000/movies,my_custom_tag=MongoDB,
http_req_sending,1777962805,0.000000,,,,true,,GET,http://localhost:3000/movies,HTTP/1.1,default,,200,,,http://localhost:3000/movies,my_custom_tag=MongoDB,
http_req_waiting,1777962805,9.274500,,,,true,,GET,http://localhost:3000/movies,HTTP/1.1,default,,200,,,http://localhost:3000/movies,my_custom_tag=MongoDB,
http_req_receiving,1777962805,0.508500,,,,true,,GET,http://localhost:3000/movies,HTTP/1.1,default,,200,,,http://localhost:3000/movies,my_custom_tag=MongoDB,
http_req_failed,1777962805,0.000000,,,,true,,GET,http://localhost:3000/movies,HTTP/1.1,default,,200,,,http://localhost:3000/movies,my_custom_tag=MongoDB,
data_sent,1777962805,166.000000,,,,,,,,,default,,,,,,,
data_received,1777962805,12811.000000,,,,,,,,,default,,,,,,,
iteration_duration,1777962805,1022.437700,,,,,,,,,default,,,,,,,
iterations,1777962805,1.000000,,,,,,,,,default,,,,,,,
data_sent,1777962805,166.000000,,,,,,,,,default,,,,,,,
data_received,1777962805,12811.000000,,,,,,,,,default,,,,,,,
iteration_duration,1777962805,1023.733500,,,,,,,,,default,,,,,,,
iterations,1777962805,1.000000,,,,,,,,,default,,,,,,,
data_sent,1777962805,166.000000,,,,,,,,,default,,,,,,,
data_received,1777962805,12811.000000,,,,,,,,,default,,,,,,,
iteration_duration,1777962805,1024.506300,,,,,,,,,default,,,,,,,
iterations,1777962805,1.000000,,,,,,,,,default,,,,,,,
http_reqs,1777962805,1.000000,,,,true,,GET,http://localhost:3000/movies,HTTP/1.1,default,,200,,,http://localhost:3000/movies,my_custom_tag=MongoDB,
http_req_duration,1777962805,8.340300,,,,true,,GET,http://localhost:3000/movies,HTTP/1.1,default,,200,,,http://localhost:3000/movies,my_custom_tag=MongoDB,
http_req_blocked,1777962805,0.000000,,,,true,,GET,http://localhost:3000/movies,HTTP/1.1,default,,200,,,http://localhost:3000/movies,my_custom_tag=MongoDB,
http_req_connecting,1777962805,0.000000,,,,true,,GET,http://localhost:3000/movies,HTTP/1.1,default,,200,,,http://localhost:3000/movies,my_custom_tag=MongoDB,
http_req_tls_handshaking,1777962805,0.000000,,,,true,,GET,http://localhost:3000/movies,HTTP/1.1,default,,200,,,http://localhost:3000/movies,my_custom_tag=MongoDB,
http_req_sending,1777962805,0.000000,,,,true,,GET,http://localhost:3000/movies,HTTP/1.1,default,,200,,,http://localhost:3000/movies,my_custom_tag=MongoDB,
http_req_waiting,1777962805,8.340300,,,,true,,GET,http://localhost:3000/movies,HTTP/1.1,default,,200,,,http://localhost:3000/movies,my_custom_tag=MongoDB,
http_req_receiving,1777962805,0.000000,,,,true,,GET,http://localhost:3000/movies,HTTP/1.1,default,,200,,,http://localhost:3000/movies,my_custom_tag=MongoDB,
http_req_failed,1777962805,0.000000,,,,true,,GET,http://localhost:3000/movies,HTTP/1.1,default,,200,,,http://localhost:3000/movies,my_custom_tag=MongoDB,
http_reqs,1777962805,1.000000,,,,true,,GET,http://localhost:3000/movies,HTTP/1.1,default,,200,,,http://localhost:3000/movies,my_custom_tag=MongoDB,
http_req_duration,1777962805,10.040200,,,,true,,GET,http://localhost:3000/movies,HTTP/1.1,default,,200,,,http://localhost:3000/movies,my_custom_tag=MongoDB,
http_req_blocked,1777962805,0.000000,,,,true,,GET,http://localhost:3000/movies,HTTP/1.1,default,,200,,,http://localhost:3000/movies,my_custom_tag=MongoDB,
http_req_connecting,1777962805,0.000000,,,,true,,GET,http://localhost:3000/movies,HTTP/1.1,default,,200,,,http://localhost:3000/movies,my_custom_tag=MongoDB,
http_req_tls_handshaking,1777962805,0.000000,,,,true,,GET,http://localhost:3000/movies,HTTP/1.1,default,,200,,,http://localhost:3000/movies,my_custom_tag=MongoDB,
http_req_sending,1777962805,0.000000,,,,true,,GET,http://localhost:3000/movies,HTTP/1.1,default,,200,,,http://localhost:3000/movies,my_custom_tag=MongoDB,
http_req_waiting,1777962805,9.595400,,,,true,,GET,http://localhost:3000/movies,HTTP/1.1,default,,200,,,http://localhost:3000/movies,my_custom_tag=MongoDB,
http_req_receiving,1777962805,0.444800,,,,true,,GET,http://localhost:3000/movies,HTTP/1.1,default,,200,,,http://localhost:3000/movies,my_custom_tag=MongoDB,
http_req_failed,1777962805,0.000000,,,,true,,GET,http://localhost:3000/movies,HTTP/1.1,default,,200,,,http://localhost:3000/movies,my_custom_tag=MongoDB,
http_reqs,1777962805,1.000000,,,,true,,GET,http://localhost:3000/movies,HTTP/1.1,default,,200,,,http://localhost:3000/movies,my_custom_tag=MongoDB,
http_req_duration,1777962805,7.992400,,,,true,,GET,http://localhost:3000/movies,HTTP/1.1,default,,200,,,http://localhost:3000/movies,my_custom_tag=MongoDB,
http_req_blocked,1777962805,0.000000,,,,true,,GET,http://localhost:3000/movies,HTTP/1.1,default,,200,,,http://localhost:3000/movies,my_custom_tag=MongoDB,
http_req_connecting,1777962805,0.000000,,,,true,,GET,http://localhost:3000/movies,HTTP/1.1,default,,200,,,http://localhost:3000/movies,my_custom_tag=MongoDB,
http_req_tls_handshaking,1777962805,0.000000,,,,true,,GET,http://localhost:3000/movies,HTTP/1.1,default,,200,,,http://localhost:3000/movies,my_custom_tag=MongoDB,
http_req_sending,1777962805,0.000000,,,,true,,GET,http://localhost:3000/movies,HTTP/1.1,default,,200,,,http://localhost:3000/movies,my_custom_tag=MongoDB,
http_req_waiting,1777962805,7.992400,,,,true,,GET,http://localhost:3000/movies,HTTP/1.1,default,,200,,,http://localhost:3000/movies,my_custom_tag=MongoDB,
http_req_receiving,1777962805,0.000000,,,,true,,GET,http://localhost:3000/movies,HTTP/1.1,default,,200,,,http://localhost:3000/movies,my_custom_tag=MongoDB,
http_req_failed,1777962805,0.000000,,,,true,,GET,http://localhost:3000/movies,HTTP/1.1,default,,200,,,http://localhost:3000/movies,my_custom_tag=MongoDB,
data_sent,1777962805,166.000000,,,,,,,,,default,,,,,,,
data_received,1777962805,12811.000000,,,,,,,,,default,,,,,,,
iteration_duration,1777962805,1025.506500,,,,,,,,,default,,,,,,,
iterations,1777962805,1.000000,,,,,,,,,default,,,,,,,
data_sent,1777962805,166.000000,,,,,,,,,default,,,,,,,
data_received,1777962805,12811.000000,,,,,,,,,default,,,,,,,
iteration_duration,1777962805,1025.511100,,,,,,,,,default,,,,,,,
iterations,1777962805,1.000000,,,,,,,,,default,,,,,,,
http_reqs,1777962805,1.000000,,,,true,,GET,http://localhost:3000/recommend/s1,HTTP/1.1,default,,200,,,http://localhost:3000/recommend/s1,my_custom_tag=Neo4j,
http_req_duration,1777962805,17.238900,,,,true,,GET,http://localhost:3000/recommend/s1,HTTP/1.1,default,,200,,,http://localhost:3000/recommend/s1,my_custom_tag=Neo4j,
http_req_blocked,1777962805,0.000000,,,,true,,GET,http://localhost:3000/recommend/s1,HTTP/1.1,default,,200,,,http://localhost:3000/recommend/s1,my_custom_tag=Neo4j,
http_req_connecting,1777962805,0.000000,,,,true,,GET,http://localhost:3000/recommend/s1,HTTP/1.1,default,,200,,,http://localhost:3000/recommend/s1,my_custom_tag=Neo4j,
http_req_tls_handshaking,1777962805,0.000000,,,,true,,GET,http://localhost:3000/recommend/s1,HTTP/1.1,default,,200,,,http://localhost:3000/recommend/s1,my_custom_tag=Neo4j,
http_req_sending,1777962805,0.000000,,,,true,,GET,http://localhost:3000/recommend/s1,HTTP/1.1,default,,200,,,http://localhost:3000/recommend/s1,my_custom_tag=Neo4j,
http_req_waiting,1777962805,17.238900,,,,true,,GET,http://localhost:3000/recommend/s1,HTTP/1.1,default,,200,,,http://localhost:3000/recommend/s1,my_custom_tag=Neo4j,
http_req_receiving,1777962805,0.000000,,,,true,,GET,http://localhost:3000/recommend/s1,HTTP/1.1,default,,200,,,http://localhost:3000/recommend/s1,my_custom_tag=Neo4j,
http_req_failed,1777962805,0.000000,,,,true,,GET,http://localhost:3000/recommend/s1,HTTP/1.1,default,,200,,,http://localhost:3000/recommend/s1,my_custom_tag=Neo4j,
data_sent,1777962805,166.000000,,,,,,,,,default,,,,,,,
data_received,1777962805,12811.000000,,,,,,,,,default,,,,,,,
iteration_duration,1777962805,1024.414200,,,,,,,,,default,,,,,,,
iterations,1777962805,1.000000,,,,,,,,,default,,,,,,,
http_reqs,1777962805,1.000000,,,,true,,GET,http://localhost:3000/recommend/s1,HTTP/1.1,default,,200,,,http://localhost:3000/recommend/s1,my_custom_tag=Neo4j,
http_req_duration,1777962805,19.016700,,,,true,,GET,http://localhost:3000/recommend/s1,HTTP/1.1,default,,200,,,http://localhost:3000/recommend/s1,my_custom_tag=Neo4j,
http_req_blocked,1777962805,0.000000,,,,true,,GET,http://localhost:3000/recommend/s1,HTTP/1.1,default,,200,,,http://localhost:3000/recommend/s1,my_custom_tag=Neo4j,
http_req_connecting,1777962805,0.000000,,,,true,,GET,http://localhost:3000/recommend/s1,HTTP/1.1,default,,200,,,http://localhost:3000/recommend/s1,my_custom_tag=Neo4j,
http_req_tls_handshaking,1777962805,0.000000,,,,true,,GET,http://localhost:3000/recommend/s1,HTTP/1.1,default,,200,,,http://localhost:3000/recommend/s1,my_custom_tag=Neo4j,
http_req_sending,1777962805,0.000000,,,,true,,GET,http://localhost:3000/recommend/s1,HTTP/1.1,default,,200,,,http://localhost:3000/recommend/s1,my_custom_tag=Neo4j,
http_req_waiting,1777962805,18.019400,,,,true,,GET,http://localhost:3000/recommend/s1,HTTP/1.1,default,,200,,,http://localhost:3000/recommend/s1,my_custom_tag=Neo4j,
http_req_receiving,1777962805,0.997300,,,,true,,GET,http://localhost:3000/recommend/s1,HTTP/1.1,default,,200,,,http://localhost:3000/recommend/s1,my_custom_tag=Neo4j,
http_req_failed,1777962805,0.000000,,,,true,,GET,http://localhost:3000/recommend/s1,HTTP/1.1,default,,200,,,http://localhost:3000/recommend/s1,my_custom_tag=Neo4j,
http_reqs,1777962805,1.000000,,,,true,,GET,http://localhost:3000/movies,HTTP/1.1,default,,200,,,http://localhost:3000/movies,my_custom_tag=MongoDB,
http_req_duration,1777962805,11.087900,,,,true,,GET,http://localhost:3000/movies,HTTP/1.1,default,,200,,,http://localhost:3000/movies,my_custom_tag=MongoDB,
http_req_blocked,1777962805,0.000000,,,,true,,GET,http://localhost:3000/movies,HTTP/1.1,default,,200,,,http://localhost:3000/movies,my_custom_tag=MongoDB,
http_req_connecting,1777962805,0.000000,,,,true,,GET,http://localhost:3000/movies,HTTP/1.1,default,,200,,,http://localhost:3000/movies,my_custom_tag=MongoDB,
http_req_tls_handshaking,1777962805,0.000000,,,,true,,GET,http://localhost:3000/movies,HTTP/1.1,default,,200,,,http://localhost:3000/movies,my_custom_tag=MongoDB,
http_req_sending,1777962805,0.000000,,,,true,,GET,http://localhost:3000/movies,HTTP/1.1,default,,200,,,http://localhost:3000/movies,my_custom_tag=MongoDB,
http_req_waiting,1777962805,10.647800,,,,true,,GET,http://localhost:3000/movies,HTTP/1.1,default,,200,,,http://localhost:3000/movies,my_custom_tag=MongoDB,
http_req_receiving,1777962805,0.440100,,,,true,,GET,http://localhost:3000/movies,HTTP/1.1,default,,200,,,http://localhost:3000/movies,my_custom_tag=MongoDB,
http_req_failed,1777962805,0.000000,,,,true,,GET,http://localhost:3000/movies,HTTP/1.1,default,,200,,,http://localhost:3000/movies,my_custom_tag=MongoDB,
http_reqs,1777962805,1.000000,,,,true,,GET,http://localhost:3000/recommend/s1,HTTP/1.1,default,,200,,,http://localhost:3000/recommend/s1,my_custom_tag=Neo4j,
http_req_duration,1777962805,12.701500,,,,true,,GET,http://localhost:3000/recommend/s1,HTTP/1.1,default,,200,,,http://localhost:3000/recommend/s1,my_custom_tag=Neo4j,
http_req_blocked,1777962805,0.000000,,,,true,,GET,http://localhost:3000/recommend/s1,HTTP/1.1,default,,200,,,http://localhost:3000/recommend/s1,my_custom_tag=Neo4j,
http_req_connecting,1777962805,0.000000,,,,true,,GET,http://localhost:3000/recommend/s1,HTTP/1.1,default,,200,,,http://localhost:3000/recommend/s1,my_custom_tag=Neo4j,
http_req_tls_handshaking,1777962805,0.000000,,,,true,,GET,http://localhost:3000/recommend/s1,HTTP/1.1,default,,200,,,http://localhost:3000/recommend/s1,my_custom_tag=Neo4j,
http_req_sending,1777962805,0.000000,,,,true,,GET,http://localhost:3000/recommend/s1,HTTP/1.1,default,,200,,,http://localhost:3000/recommend/s1,my_custom_tag=Neo4j,
http_req_waiting,1777962805,12.701500,,,,true,,GET,http://localhost:3000/recommend/s1,HTTP/1.1,default,,200,,,http://localhost:3000/recommend/s1,my_custom_tag=Neo4j,
http_req_receiving,1777962805,0.000000,,,,true,,GET,http://localhost:3000/recommend/s1,HTTP/1.1,default,,200,,,http://localhost:3000/recommend/s1,my_custom_tag=Neo4j,
http_req_failed,1777962805,0.000000,,,,true,,GET,http://localhost:3000/recommend/s1,HTTP/1.1,default,,200,,,http://localhost:3000/recommend/s1,my_custom_tag=Neo4j,
http_reqs,1777962805,1.000000,,,,true,,GET,http://localhost:3000/movies,HTTP/1.1,default,,200,,,http://localhost:3000/movies,my_custom_tag=MongoDB,
http_req_duration,1777962805,12.618300,,,,true,,GET,http://localhost:3000/movies,HTTP/1.1,default,,200,,,http://localhost:3000/movies,my_custom_tag=MongoDB,
http_req_blocked,1777962805,0.000000,,,,true,,GET,http://localhost:3000/movies,HTTP/1.1,default,,200,,,http://localhost:3000/movies,my_custom_tag=MongoDB,
http_req_connecting,1777962805,0.000000,,,,true,,GET,http://localhost:3000/movies,HTTP/1.1,default,,200,,,http://localhost:3000/movies,my_custom_tag=MongoDB,
http_req_tls_handshaking,1777962805,0.000000,,,,true,,GET,http://localhost:3000/movies,HTTP/1.1,default,,200,,,http://localhost:3000/movies,my_custom_tag=MongoDB,
http_req_sending,1777962805,0.000000,,,,true,,GET,http://localhost:3000/movies,HTTP/1.1,default,,200,,,http://localhost:3000/movies,my_custom_tag=MongoDB,
http_req_waiting,1777962805,12.618300,,,,true,,GET,http://localhost:3000/movies,HTTP/1.1,default,,200,,,http://localhost:3000/movies,my_custom_tag=MongoDB,
http_req_receiving,1777962805,0.000000,,,,true,,GET,http://localhost:3000/movies,HTTP/1.1,default,,200,,,http://localhost:3000/movies,my_custom_tag=MongoDB,
http_req_failed,1777962805,0.000000,,,,true,,GET,http://localhost:3000/movies,HTTP/1.1,default,,200,,,http://localhost:3000/movies,my_custom_tag=MongoDB,
http_reqs,1777962805,1.000000,,,,true,,GET,http://localhost:3000/movies,HTTP/1.1,default,,200,,,http://localhost:3000/movies,my_custom_tag=MongoDB,
http_req_duration,1777962805,13.785900,,,,true,,GET,http://localhost:3000/movies,HTTP/1.1,default,,200,,,http://localhost:3000/movies,my_custom_tag=MongoDB,
http_req_blocked,1777962805,0.000000,,,,true,,GET,http://localhost:3000/movies,HTTP/1.1,default,,200,,,http://localhost:3000/movies,my_custom_tag=MongoDB,
http_req_connecting,1777962805,0.000000,,,,true,,GET,http://localhost:3000/movies,HTTP/1.1,default,,200,,,http://localhost:3000/movies,my_custom_tag=MongoDB,
http_req_tls_handshaking,1777962805,0.000000,,,,true,,GET,http://localhost:3000/movies,HTTP/1.1,default,,200,,,http://localhost:3000/movies,my_custom_tag=MongoDB,
http_req_sending,1777962805,0.552800,,,,true,,GET,http://localhost:3000/movies,HTTP/1.1,default,,200,,,http://localhost:3000/movies,my_custom_tag=MongoDB,
http_req_waiting,1777962805,13.233100,,,,true,,GET,http://localhost:3000/movies,HTTP/1.1,default,,200,,,http://localhost:3000/movies,my_custom_tag=MongoDB,
http_req_receiving,1777962805,0.000000,,,,true,,GET,http://localhost:3000/movies,HTTP/1.1,default,,200,,,http://localhost:3000/movies,my_custom_tag=MongoDB,
http_req_failed,1777962805,0.000000,,,,true,,GET,http://localhost:3000/movies,HTTP/1.1,default,,200,,,http://localhost:3000/movies,my_custom_tag=MongoDB,
http_reqs,1777962805,1.000000,,,,true,,GET,http://localhost:3000/recommend/s1,HTTP/1.1,default,,200,,,http://localhost:3000/recommend/s1,my_custom_tag=Neo4j,
http_req_duration,1777962805,20.268100,,,,true,,GET,http://localhost:3000/recommend/s1,HTTP/1.1,default,,200,,,http://localhost:3000/recommend/s1,my_custom_tag=Neo4j,
http_req_blocked,1777962805,0.000000,,,,true,,GET,http://localhost:3000/recommend/s1,HTTP/1.1,default,,200,,,http://localhost:3000/recommend/s1,my_custom_tag=Neo4j,
http_req_connecting,1777962805,0.000000,,,,true,,GET,http://localhost:3000/recommend/s1,HTTP/1.1,default,,200,,,http://localhost:3000/recommend/s1,my_custom_tag=Neo4j,
http_req_tls_handshaking,1777962805,0.000000,,,,true,,GET,http://localhost:3000/recommend/s1,HTTP/1.1,default,,200,,,http://localhost:3000/recommend/s1,my_custom_tag=Neo4j,
http_req_sending,1777962805,0.000000,,,,true,,GET,http://localhost:3000/recommend/s1,HTTP/1.1,default,,200,,,http://localhost:3000/recommend/s1,my_custom_tag=Neo4j,
http_req_waiting,1777962805,19.957200,,,,true,,GET,http://localhost:3000/recommend/s1,HTTP/1.1,default,,200,,,http://localhost:3000/recommend/s1,my_custom_tag=Neo4j,
http_req_receiving,1777962805,0.310900,,,,true,,GET,http://localhost:3000/recommend/s1,HTTP/1.1,default,,200,,,http://localhost:3000/recommend/s1,my_custom_tag=Neo4j,
http_req_failed,1777962805,0.000000,,,,true,,GET,http://localhost:3000/recommend/s1,HTTP/1.1,default,,200,,,http://localhost:3000/recommend/s1,my_custom_tag=Neo4j,
http_reqs,1777962805,1.000000,,,,true,,GET,http://localhost:3000/recommend/s1,HTTP/1.1,default,,200,,,http://localhost:3000/recommend/s1,my_custom_tag=Neo4j,
http_req_duration,1777962805,17.821800,,,,true,,GET,http://localhost:3000/recommend/s1,HTTP/1.1,default,,200,,,http://localhost:3000/recommend/s1,my_custom_tag=Neo4j,
http_req_blocked,1777962805,0.000000,,,,true,,GET,http://localhost:3000/recommend/s1,HTTP/1.1,default,,200,,,http://localhost:3000/recommend/s1,my_custom_tag=Neo4j,
http_req_connecting,1777962805,0.000000,,,,true,,GET,http://localhost:3000/recommend/s1,HTTP/1.1,default,,200,,,http://localhost:3000/recommend/s1,my_custom_tag=Neo4j,
http_req_tls_handshaking,1777962805,0.000000,,,,true,,GET,http://localhost:3000/recommend/s1,HTTP/1.1,default,,200,,,http://localhost:3000/recommend/s1,my_custom_tag=Neo4j,
http_req_sending,1777962805,0.000000,,,,true,,GET,http://localhost:3000/recommend/s1,HTTP/1.1,default,,200,,,http://localhost:3000/recommend/s1,my_custom_tag=Neo4j,
http_req_waiting,1777962805,17.313800,,,,true,,GET,http://localhost:3000/recommend/s1,HTTP/1.1,default,,200,,,http://localhost:3000/recommend/s1,my_custom_tag=Neo4j,
http_req_receiving,1777962805,0.508000,,,,true,,GET,http://localhost:3000/recommend/s1,HTTP/1.1,default,,200,,,http://localhost:3000/recommend/s1,my_custom_tag=Neo4j,
http_req_failed,1777962805,0.000000,,,,true,,GET,http://localhost:3000/recommend/s1,HTTP/1.1,default,,200,,,http://localhost:3000/recommend/s1,my_custom_tag=Neo4j,
http_reqs,1777962805,1.000000,,,,true,,GET,http://localhost:3000/recommend/s1,HTTP/1.1,default,,200,,,http://localhost:3000/recommend/s1,my_custom_tag=Neo4j,
http_req_duration,1777962805,13.741100,,,,true,,GET,http://localhost:3000/recommend/s1,HTTP/1.1,default,,200,,,http://localhost:3000/recommend/s1,my_custom_tag=Neo4j,
http_req_blocked,1777962805,0.000000,,,,true,,GET,http://localhost:3000/recommend/s1,HTTP/1.1,default,,200,,,http://localhost:3000/recommend/s1,my_custom_tag=Neo4j,
http_req_connecting,1777962805,0.000000,,,,true,,GET,http://localhost:3000/recommend/s1,HTTP/1.1,default,,200,,,http://localhost:3000/recommend/s1,my_custom_tag=Neo4j,
http_req_tls_handshaking,1777962805,0.000000,,,,true,,GET,http://localhost:3000/recommend/s1,HTTP/1.1,default,,200,,,http://localhost:3000/recommend/s1,my_custom_tag=Neo4j,
http_req_sending,1777962805,0.000000,,,,true,,GET,http://localhost:3000/recommend/s1,HTTP/1.1,default,,200,,,http://localhost:3000/recommend/s1,my_custom_tag=Neo4j,
http_req_waiting,1777962805,13.741100,,,,true,,GET,http://localhost:3000/recommend/s1,HTTP/1.1,default,,200,,,http://localhost:3000/recommend/s1,my_custom_tag=Neo4j,
http_req_receiving,1777962805,0.000000,,,,true,,GET,http://localhost:3000/recommend/s1,HTTP/1.1,default,,200,,,http://localhost:3000/recommend/s1,my_custom_tag=Neo4j,
http_req_failed,1777962805,0.000000,,,,true,,GET,http://localhost:3000/recommend/s1,HTTP/1.1,default,,200,,,http://localhost:3000/recommend/s1,my_custom_tag=Neo4j,
http_reqs,1777962805,1.000000,,,,true,,GET,http://localhost:3000/recommend/s1,HTTP/1.1,default,,200,,,http://localhost:3000/recommend/s1,my_custom_tag=Neo4j,
http_req_duration,1777962805,16.740600,,,,true,,GET,http://localhost:3000/recommend/s1,HTTP/1.1,default,,200,,,http://localhost:3000/recommend/s1,my_custom_tag=Neo4j,
http_req_blocked,1777962805,0.000000,,,,true,,GET,http://localhost:3000/recommend/s1,HTTP/1.1,default,,200,,,http://localhost:3000/recommend/s1,my_custom_tag=Neo4j,
http_req_connecting,1777962805,0.000000,,,,true,,GET,http://localhost:3000/recommend/s1,HTTP/1.1,default,,200,,,http://localhost:3000/recommend/s1,my_custom_tag=Neo4j,
http_req_tls_handshaking,1777962805,0.000000,,,,true,,GET,http://localhost:3000/recommend/s1,HTTP/1.1,default,,200,,,http://localhost:3000/recommend/s1,my_custom_tag=Neo4j,
http_req_sending,1777962805,0.000000,,,,true,,GET,http://localhost:3000/recommend/s1,HTTP/1.1,default,,200,,,http://localhost:3000/recommend/s1,my_custom_tag=Neo4j,
http_req_waiting,1777962805,16.740600,,,,true,,GET,http://localhost:3000/recommend/s1,HTTP/1.1,default,,200,,,http://localhost:3000/recommend/s1,my_custom_tag=Neo4j,
http_req_receiving,1777962805,0.000000,,,,true,,GET,http://localhost:3000/recommend/s1,HTTP/1.1,default,,200,,,http://localhost:3000/recommend/s1,my_custom_tag=Neo4j,
http_req_failed,1777962805,0.000000,,,,true,,GET,http://localhost:3000/recommend/s1,HTTP/1.1,default,,200,,,http://localhost:3000/recommend/s1,my_custom_tag=Neo4j,
http_reqs,1777962805,1.000000,,,,true,,GET,http://localhost:3000/recommend/s1,HTTP/1.1,default,,200,,,http://localhost:3000/recommend/s1,my_custom_tag=Neo4j,
http_req_duration,1777962805,14.521800,,,,true,,GET,http://localhost:3000/recommend/s1,HTTP/1.1,default,,200,,,http://localhost:3000/recommend/s1,my_custom_tag=Neo4j,
http_req_blocked,1777962805,0.000000,,,,true,,GET,http://localhost:3000/recommend/s1,HTTP/1.1,default,,200,,,http://localhost:3000/recommend/s1,my_custom_tag=Neo4j,
http_req_connecting,1777962805,0.000000,,,,true,,GET,http://localhost:3000/recommend/s1,HTTP/1.1,default,,200,,,http://localhost:3000/recommend/s1,my_custom_tag=Neo4j,
http_req_tls_handshaking,1777962805,0.000000,,,,true,,GET,http://localhost:3000/recommend/s1,HTTP/1.1,default,,200,,,http://localhost:3000/recommend/s1,my_custom_tag=Neo4j,
http_req_sending,1777962805,0.000000,,,,true,,GET,http://localhost:3000/recommend/s1,HTTP/1.1,default,,200,,,http://localhost:3000/recommend/s1,my_custom_tag=Neo4j,
http_req_waiting,1777962805,14.521800,,,,true,,GET,http://localhost:3000/recommend/s1,HTTP/1.1,default,,200,,,http://localhost:3000/recommend/s1,my_custom_tag=Neo4j,
http_req_receiving,1777962805,0.000000,,,,true,,GET,http://localhost:3000/recommend/s1,HTTP/1.1,default,,200,,,http://localhost:3000/recommend/s1,my_custom_tag=Neo4j,
http_req_failed,1777962805,0.000000,,,,true,,GET,http://localhost:3000/recommend/s1,HTTP/1.1,default,,200,,,http://localhost:3000/recommend/s1,my_custom_tag=Neo4j,
vus,1777962805,10.000000,,,,,,,,,,,,,,,,
vus_max,1777962805,10.000000,,,,,,,,,,,,,,,,
data_sent,1777962806,166.000000,,,,,,,,,default,,,,,,,
data_received,1777962806,12811.000000,,,,,,,,,default,,,,,,,
iteration_duration,1777962806,1023.876300,,,,,,,,,default,,,,,,,
iterations,1777962806,1.000000,,,,,,,,,default,,,,,,,
data_sent,1777962806,166.000000,,,,,,,,,default,,,,,,,
data_received,1777962806,12811.000000,,,,,,,,,default,,,,,,,
iteration_duration,1777962806,1024.476700,,,,,,,,,default,,,,,,,
iterations,1777962806,1.000000,,,,,,,,,default,,,,,,,
http_reqs,1777962806,1.000000,,,,true,,GET,http://localhost:3000/movies,HTTP/1.1,default,,200,,,http://localhost:3000/movies,my_custom_tag=MongoDB,
http_req_duration,1777962806,11.072300,,,,true,,GET,http://localhost:3000/movies,HTTP/1.1,default,,200,,,http://localhost:3000/movies,my_custom_tag=MongoDB,
http_req_blocked,1777962806,0.000000,,,,true,,GET,http://localhost:3000/movies,HTTP/1.1,default,,200,,,http://localhost:3000/movies,my_custom_tag=MongoDB,
http_req_connecting,1777962806,0.000000,,,,true,,GET,http://localhost:3000/movies,HTTP/1.1,default,,200,,,http://localhost:3000/movies,my_custom_tag=MongoDB,
http_req_tls_handshaking,1777962806,0.000000,,,,true,,GET,http://localhost:3000/movies,HTTP/1.1,default,,200,,,http://localhost:3000/movies,my_custom_tag=MongoDB,
http_req_sending,1777962806,0.000000,,,,true,,GET,http://localhost:3000/movies,HTTP/1.1,default,,200,,,http://localhost:3000/movies,my_custom_tag=MongoDB,
http_req_waiting,1777962806,11.072300,,,,true,,GET,http://localhost:3000/movies,HTTP/1.1,default,,200,,,http://localhost:3000/movies,my_custom_tag=MongoDB,
http_req_receiving,1777962806,0.000000,,,,true,,GET,http://localhost:3000/movies,HTTP/1.1,default,,200,,,http://localhost:3000/movies,my_custom_tag=MongoDB,
http_req_failed,1777962806,0.000000,,,,true,,GET,http://localhost:3000/movies,HTTP/1.1,default,,200,,,http://localhost:3000/movies,my_custom_tag=MongoDB,
http_reqs,1777962806,1.000000,,,,true,,GET,http://localhost:3000/movies,HTTP/1.1,default,,200,,,http://localhost:3000/movies,my_custom_tag=MongoDB,
http_req_duration,1777962806,13.309900,,,,true,,GET,http://localhost:3000/movies,HTTP/1.1,default,,200,,,http://localhost:3000/movies,my_custom_tag=MongoDB,
http_req_blocked,1777962806,0.000000,,,,true,,GET,http://localhost:3000/movies,HTTP/1.1,default,,200,,,http://localhost:3000/movies,my_custom_tag=MongoDB,
http_req_connecting,1777962806,0.000000,,,,true,,GET,http://localhost:3000/movies,HTTP/1.1,default,,200,,,http://localhost:3000/movies,my_custom_tag=MongoDB,
http_req_tls_handshaking,1777962806,0.000000,,,,true,,GET,http://localhost:3000/movies,HTTP/1.1,default,,200,,,http://localhost:3000/movies,my_custom_tag=MongoDB,
http_req_sending,1777962806,0.000000,,,,true,,GET,http://localhost:3000/movies,HTTP/1.1,default,,200,,,http://localhost:3000/movies,my_custom_tag=MongoDB,
http_req_waiting,1777962806,12.964000,,,,true,,GET,http://localhost:3000/movies,HTTP/1.1,default,,200,,,http://localhost:3000/movies,my_custom_tag=MongoDB,
http_req_receiving,1777962806,0.345900,,,,true,,GET,http://localhost:3000/movies,HTTP/1.1,default,,200,,,http://localhost:3000/movies,my_custom_tag=MongoDB,
http_req_failed,1777962806,0.000000,,,,true,,GET,http://localhost:3000/movies,HTTP/1.1,default,,200,,,http://localhost:3000/movies,my_custom_tag=MongoDB,
data_sent,1777962806,166.000000,,,,,,,,,default,,,,,,,
data_received,1777962806,12811.000000,,,,,,,,,default,,,,,,,
iteration_duration,1777962806,1026.211100,,,,,,,,,default,,,,,,,
iterations,1777962806,1.000000,,,,,,,,,default,,,,,,,
data_sent,1777962806,166.000000,,,,,,,,,default,,,,,,,
data_received,1777962806,12811.000000,,,,,,,,,default,,,,,,,
iteration_duration,1777962806,1029.360500,,,,,,,,,default,,,,,,,
iterations,1777962806,1.000000,,,,,,,,,default,,,,,,,
http_reqs,1777962806,1.000000,,,,true,,GET,http://localhost:3000/movies,HTTP/1.1,default,,200,,,http://localhost:3000/movies,my_custom_tag=MongoDB,
http_req_duration,1777962806,9.984700,,,,true,,GET,http://localhost:3000/movies,HTTP/1.1,default,,200,,,http://localhost:3000/movies,my_custom_tag=MongoDB,
http_req_blocked,1777962806,0.000000,,,,true,,GET,http://localhost:3000/movies,HTTP/1.1,default,,200,,,http://localhost:3000/movies,my_custom_tag=MongoDB,
http_req_connecting,1777962806,0.000000,,,,true,,GET,http://localhost:3000/movies,HTTP/1.1,default,,200,,,http://localhost:3000/movies,my_custom_tag=MongoDB,
http_req_tls_handshaking,1777962806,0.000000,,,,true,,GET,http://localhost:3000/movies,HTTP/1.1,default,,200,,,http://localhost:3000/movies,my_custom_tag=MongoDB,
http_req_sending,1777962806,0.000000,,,,true,,GET,http://localhost:3000/movies,HTTP/1.1,default,,200,,,http://localhost:3000/movies,my_custom_tag=MongoDB,
http_req_waiting,1777962806,9.984700,,,,true,,GET,http://localhost:3000/movies,HTTP/1.1,default,,200,,,http://localhost:3000/movies,my_custom_tag=MongoDB,
http_req_receiving,1777962806,0.000000,,,,true,,GET,http://localhost:3000/movies,HTTP/1.1,default,,200,,,http://localhost:3000/movies,my_custom_tag=MongoDB,
http_req_failed,1777962806,0.000000,,,,true,,GET,http://localhost:3000/movies,HTTP/1.1,default,,200,,,http://localhost:3000/movies,my_custom_tag=MongoDB,
data_sent,1777962806,166.000000,,,,,,,,,default,,,,,,,
data_received,1777962806,12811.000000,,,,,,,,,default,,,,,,,
iteration_duration,1777962806,1022.646000,,,,,,,,,default,,,,,,,
iterations,1777962806,1.000000,,,,,,,,,default,,,,,,,
http_reqs,1777962806,1.000000,,,,true,,GET,http://localhost:3000/recommend/s1,HTTP/1.1,default,,200,,,http://localhost:3000/recommend/s1,my_custom_tag=Neo4j,
http_req_duration,1777962806,19.612900,,,,true,,GET,http://localhost:3000/recommend/s1,HTTP/1.1,default,,200,,,http://localhost:3000/recommend/s1,my_custom_tag=Neo4j,
http_req_blocked,1777962806,0.000000,,,,true,,GET,http://localhost:3000/recommend/s1,HTTP/1.1,default,,200,,,http://localhost:3000/recommend/s1,my_custom_tag=Neo4j,
http_req_connecting,1777962806,0.000000,,,,true,,GET,http://localhost:3000/recommend/s1,HTTP/1.1,default,,200,,,http://localhost:3000/recommend/s1,my_custom_tag=Neo4j,
http_req_tls_handshaking,1777962806,0.000000,,,,true,,GET,http://localhost:3000/recommend/s1,HTTP/1.1,default,,200,,,http://localhost:3000/recommend/s1,my_custom_tag=Neo4j,
http_req_sending,1777962806,0.000000,,,,true,,GET,http://localhost:3000/recommend/s1,HTTP/1.1,default,,200,,,http://localhost:3000/recommend/s1,my_custom_tag=Neo4j,
http_req_waiting,1777962806,19.612900,,,,true,,GET,http://localhost:3000/recommend/s1,HTTP/1.1,default,,200,,,http://localhost:3000/recommend/s1,my_custom_tag=Neo4j,
http_req_receiving,1777962806,0.000000,,,,true,,GET,http://localhost:3000/recommend/s1,HTTP/1.1,default,,200,,,http://localhost:3000/recommend/s1,my_custom_tag=Neo4j,
http_req_failed,1777962806,0.000000,,,,true,,GET,http://localhost:3000/recommend/s1,HTTP/1.1,default,,200,,,http://localhost:3000/recommend/s1,my_custom_tag=Neo4j,
data_sent,1777962806,166.000000,,,,,,,,,default,,,,,,,
data_received,1777962806,12811.000000,,,,,,,,,default,,,,,,,
iteration_duration,1777962806,1029.382700,,,,,,,,,default,,,,,,,
iterations,1777962806,1.000000,,,,,,,,,default,,,,,,,
data_sent,1777962806,166.000000,,,,,,,,,default,,,,,,,
data_received,1777962806,12811.000000,,,,,,,,,default,,,,,,,
iteration_duration,1777962806,1028.638600,,,,,,,,,default,,,,,,,
iterations,1777962806,1.000000,,,,,,,,,default,,,,,,,
http_reqs,1777962806,1.000000,,,,true,,GET,http://localhost:3000/recommend/s1,HTTP/1.1,default,,200,,,http://localhost:3000/recommend/s1,my_custom_tag=Neo4j,
http_req_duration,1777962806,20.609400,,,,true,,GET,http://localhost:3000/recommend/s1,HTTP/1.1,default,,200,,,http://localhost:3000/recommend/s1,my_custom_tag=Neo4j,
http_req_blocked,1777962806,0.000000,,,,true,,GET,http://localhost:3000/recommend/s1,HTTP/1.1,default,,200,,,http://localhost:3000/recommend/s1,my_custom_tag=Neo4j,
http_req_connecting,1777962806,0.000000,,,,true,,GET,http://localhost:3000/recommend/s1,HTTP/1.1,default,,200,,,http://localhost:3000/recommend/s1,my_custom_tag=Neo4j,
http_req_tls_handshaking,1777962806,0.000000,,,,true,,GET,http://localhost:3000/recommend/s1,HTTP/1.1,default,,200,,,http://localhost:3000/recommend/s1,my_custom_tag=Neo4j,
http_req_sending,1777962806,0.000000,,,,true,,GET,http://localhost:3000/recommend/s1,HTTP/1.1,default,,200,,,http://localhost:3000/recommend/s1,my_custom_tag=Neo4j,
http_req_waiting,1777962806,19.671900,,,,true,,GET,http://localhost:3000/recommend/s1,HTTP/1.1,default,,200,,,http://localhost:3000/recommend/s1,my_custom_tag=Neo4j,
http_req_receiving,1777962806,0.937500,,,,true,,GET,http://localhost:3000/recommend/s1,HTTP/1.1,default,,200,,,http://localhost:3000/recommend/s1,my_custom_tag=Neo4j,
http_req_failed,1777962806,0.000000,,,,true,,GET,http://localhost:3000/recommend/s1,HTTP/1.1,default,,200,,,http://localhost:3000/recommend/s1,my_custom_tag=Neo4j,
http_reqs,1777962806,1.000000,,,,true,,GET,http://localhost:3000/movies,HTTP/1.1,default,,200,,,http://localhost:3000/movies,my_custom_tag=MongoDB,
http_req_duration,1777962806,15.510100,,,,true,,GET,http://localhost:3000/movies,HTTP/1.1,default,,200,,,http://localhost:3000/movies,my_custom_tag=MongoDB,
http_req_blocked,1777962806,0.000000,,,,true,,GET,http://localhost:3000/movies,HTTP/1.1,default,,200,,,http://localhost:3000/movies,my_custom_tag=MongoDB,
http_req_connecting,1777962806,0.000000,,,,true,,GET,http://localhost:3000/movies,HTTP/1.1,default,,200,,,http://localhost:3000/movies,my_custom_tag=MongoDB,
http_req_tls_handshaking,1777962806,0.000000,,,,true,,GET,http://localhost:3000/movies,HTTP/1.1,default,,200,,,http://localhost:3000/movies,my_custom_tag=MongoDB,
http_req_sending,1777962806,0.000000,,,,true,,GET,http://localhost:3000/movies,HTTP/1.1,default,,200,,,http://localhost:3000/movies,my_custom_tag=MongoDB,
http_req_waiting,1777962806,13.975900,,,,true,,GET,http://localhost:3000/movies,HTTP/1.1,default,,200,,,http://localhost:3000/movies,my_custom_tag=MongoDB,
http_req_receiving,1777962806,1.534200,,,,true,,GET,http://localhost:3000/movies,HTTP/1.1,default,,200,,,http://localhost:3000/movies,my_custom_tag=MongoDB,
http_req_failed,1777962806,0.000000,,,,true,,GET,http://localhost:3000/movies,HTTP/1.1,default,,200,,,http://localhost:3000/movies,my_custom_tag=MongoDB,
http_reqs,1777962806,1.000000,,,,true,,GET,http://localhost:3000/movies,HTTP/1.1,default,,200,,,http://localhost:3000/movies,my_custom_tag=MongoDB,
http_req_duration,1777962806,12.061700,,,,true,,GET,http://localhost:3000/movies,HTTP/1.1,default,,200,,,http://localhost:3000/movies,my_custom_tag=MongoDB,
http_req_blocked,1777962806,0.000000,,,,true,,GET,http://localhost:3000/movies,HTTP/1.1,default,,200,,,http://localhost:3000/movies,my_custom_tag=MongoDB,
http_req_connecting,1777962806,0.000000,,,,true,,GET,http://localhost:3000/movies,HTTP/1.1,default,,200,,,http://localhost:3000/movies,my_custom_tag=MongoDB,
http_req_tls_handshaking,1777962806,0.000000,,,,true,,GET,http://localhost:3000/movies,HTTP/1.1,default,,200,,,http://localhost:3000/movies,my_custom_tag=MongoDB,
http_req_sending,1777962806,0.000000,,,,true,,GET,http://localhost:3000/movies,HTTP/1.1,default,,200,,,http://localhost:3000/movies,my_custom_tag=MongoDB,
http_req_waiting,1777962806,11.423100,,,,true,,GET,http://localhost:3000/movies,HTTP/1.1,default,,200,,,http://localhost:3000/movies,my_custom_tag=MongoDB,
http_req_receiving,1777962806,0.638600,,,,true,,GET,http://localhost:3000/movies,HTTP/1.1,default,,200,,,http://localhost:3000/movies,my_custom_tag=MongoDB,
http_req_failed,1777962806,0.000000,,,,true,,GET,http://localhost:3000/movies,HTTP/1.1,default,,200,,,http://localhost:3000/movies,my_custom_tag=MongoDB,
http_reqs,1777962806,1.000000,,,,true,,GET,http://localhost:3000/movies,HTTP/1.1,default,,200,,,http://localhost:3000/movies,my_custom_tag=MongoDB,
http_req_duration,1777962806,11.013100,,,,true,,GET,http://localhost:3000/movies,HTTP/1.1,default,,200,,,http://localhost:3000/movies,my_custom_tag=MongoDB,
http_req_blocked,1777962806,0.000000,,,,true,,GET,http://localhost:3000/movies,HTTP/1.1,default,,200,,,http://localhost:3000/movies,my_custom_tag=MongoDB,
http_req_connecting,1777962806,0.000000,,,,true,,GET,http://localhost:3000/movies,HTTP/1.1,default,,200,,,http://localhost:3000/movies,my_custom_tag=MongoDB,
http_req_tls_handshaking,1777962806,0.000000,,,,true,,GET,http://localhost:3000/movies,HTTP/1.1,default,,200,,,http://localhost:3000/movies,my_custom_tag=MongoDB,
http_req_sending,1777962806,0.000000,,,,true,,GET,http://localhost:3000/movies,HTTP/1.1,default,,200,,,http://localhost:3000/movies,my_custom_tag=MongoDB,
http_req_waiting,1777962806,11.013100,,,,true,,GET,http://localhost:3000/movies,HTTP/1.1,default,,200,,,http://localhost:3000/movies,my_custom_tag=MongoDB,
http_req_receiving,1777962806,0.000000,,,,true,,GET,http://localhost:3000/movies,HTTP/1.1,default,,200,,,http://localhost:3000/movies,my_custom_tag=MongoDB,
http_req_failed,1777962806,0.000000,,,,true,,GET,http://localhost:3000/movies,HTTP/1.1,default,,200,,,http://localhost:3000/movies,my_custom_tag=MongoDB,
data_sent,1777962806,166.000000,,,,,,,,,default,,,,,,,
data_received,1777962806,12811.000000,,,,,,,,,default,,,,,,,
iteration_duration,1777962806,1027.784000,,,,,,,,,default,,,,,,,
iterations,1777962806,1.000000,,,,,,,,,default,,,,,,,
data_sent,1777962806,166.000000,,,,,,,,,default,,,,,,,
data_received,1777962806,12811.000000,,,,,,,,,default,,,,,,,
iteration_duration,1777962806,1028.830400,,,,,,,,,default,,,,,,,
iterations,1777962806,1.000000,,,,,,,,,default,,,,,,,
http_reqs,1777962806,1.000000,,,,true,,GET,http://localhost:3000/movies,HTTP/1.1,default,,200,,,http://localhost:3000/movies,my_custom_tag=MongoDB,
http_req_duration,1777962806,11.983000,,,,true,,GET,http://localhost:3000/movies,HTTP/1.1,default,,200,,,http://localhost:3000/movies,my_custom_tag=MongoDB,
http_req_blocked,1777962806,0.000000,,,,true,,GET,http://localhost:3000/movies,HTTP/1.1,default,,200,,,http://localhost:3000/movies,my_custom_tag=MongoDB,
http_req_connecting,1777962806,0.000000,,,,true,,GET,http://localhost:3000/movies,HTTP/1.1,default,,200,,,http://localhost:3000/movies,my_custom_tag=MongoDB,
http_req_tls_handshaking,1777962806,0.000000,,,,true,,GET,http://localhost:3000/movies,HTTP/1.1,default,,200,,,http://localhost:3000/movies,my_custom_tag=MongoDB,
http_req_sending,1777962806,0.000000,,,,true,,GET,http://localhost:3000/movies,HTTP/1.1,default,,200,,,http://localhost:3000/movies,my_custom_tag=MongoDB,
http_req_waiting,1777962806,11.983000,,,,true,,GET,http://localhost:3000/movies,HTTP/1.1,default,,200,,,http://localhost:3000/movies,my_custom_tag=MongoDB,
http_req_receiving,1777962806,0.000000,,,,true,,GET,http://localhost:3000/movies,HTTP/1.1,default,,200,,,http://localhost:3000/movies,my_custom_tag=MongoDB,
http_req_failed,1777962806,0.000000,,,,true,,GET,http://localhost:3000/movies,HTTP/1.1,default,,200,,,http://localhost:3000/movies,my_custom_tag=MongoDB,
data_sent,1777962806,166.000000,,,,,,,,,default,,,,,,,
data_received,1777962806,12811.000000,,,,,,,,,default,,,,,,,
iteration_duration,1777962806,1028.944800,,,,,,,,,default,,,,,,,
iterations,1777962806,1.000000,,,,,,,,,default,,,,,,,
http_reqs,1777962806,1.000000,,,,true,,GET,http://localhost:3000/recommend/s1,HTTP/1.1,default,,200,,,http://localhost:3000/recommend/s1,my_custom_tag=Neo4j,
http_req_duration,1777962806,21.718000,,,,true,,GET,http://localhost:3000/recommend/s1,HTTP/1.1,default,,200,,,http://localhost:3000/recommend/s1,my_custom_tag=Neo4j,
http_req_blocked,1777962806,0.000000,,,,true,,GET,http://localhost:3000/recommend/s1,HTTP/1.1,default,,200,,,http://localhost:3000/recommend/s1,my_custom_tag=Neo4j,
http_req_connecting,1777962806,0.000000,,,,true,,GET,http://localhost:3000/recommend/s1,HTTP/1.1,default,,200,,,http://localhost:3000/recommend/s1,my_custom_tag=Neo4j,
http_req_tls_handshaking,1777962806,0.000000,,,,true,,GET,http://localhost:3000/recommend/s1,HTTP/1.1,default,,200,,,http://localhost:3000/recommend/s1,my_custom_tag=Neo4j,
http_req_sending,1777962806,0.000000,,,,true,,GET,http://localhost:3000/recommend/s1,HTTP/1.1,default,,200,,,http://localhost:3000/recommend/s1,my_custom_tag=Neo4j,
http_req_waiting,1777962806,20.786200,,,,true,,GET,http://localhost:3000/recommend/s1,HTTP/1.1,default,,200,,,http://localhost:3000/recommend/s1,my_custom_tag=Neo4j,
http_req_receiving,1777962806,0.931800,,,,true,,GET,http://localhost:3000/recommend/s1,HTTP/1.1,default,,200,,,http://localhost:3000/recommend/s1,my_custom_tag=Neo4j,
http_req_failed,1777962806,0.000000,,,,true,,GET,http://localhost:3000/recommend/s1,HTTP/1.1,default,,200,,,http://localhost:3000/recommend/s1,my_custom_tag=Neo4j,
http_reqs,1777962806,1.000000,,,,true,,GET,http://localhost:3000/recommend/s1,HTTP/1.1,default,,200,,,http://localhost:3000/recommend/s1,my_custom_tag=Neo4j,
http_req_duration,1777962806,23.515600,,,,true,,GET,http://localhost:3000/recommend/s1,HTTP/1.1,default,,200,,,http://localhost:3000/recommend/s1,my_custom_tag=Neo4j,
http_req_blocked,1777962806,0.000000,,,,true,,GET,http://localhost:3000/recommend/s1,HTTP/1.1,default,,200,,,http://localhost:3000/recommend/s1,my_custom_tag=Neo4j,
http_req_connecting,1777962806,0.000000,,,,true,,GET,http://localhost:3000/recommend/s1,HTTP/1.1,default,,200,,,http://localhost:3000/recommend/s1,my_custom_tag=Neo4j,
http_req_tls_handshaking,1777962806,0.000000,,,,true,,GET,http://localhost:3000/recommend/s1,HTTP/1.1,default,,200,,,http://localhost:3000/recommend/s1,my_custom_tag=Neo4j,
http_req_sending,1777962806,0.000000,,,,true,,GET,http://localhost:3000/recommend/s1,HTTP/1.1,default,,200,,,http://localhost:3000/recommend/s1,my_custom_tag=Neo4j,
http_req_waiting,1777962806,23.515600,,,,true,,GET,http://localhost:3000/recommend/s1,HTTP/1.1,default,,200,,,http://localhost:3000/recommend/s1,my_custom_tag=Neo4j,
http_req_receiving,1777962806,0.000000,,,,true,,GET,http://localhost:3000/recommend/s1,HTTP/1.1,default,,200,,,http://localhost:3000/recommend/s1,my_custom_tag=Neo4j,
http_req_failed,1777962806,0.000000,,,,true,,GET,http://localhost:3000/recommend/s1,HTTP/1.1,default,,200,,,http://localhost:3000/recommend/s1,my_custom_tag=Neo4j,
http_reqs,1777962806,1.000000,,,,true,,GET,http://localhost:3000/movies,HTTP/1.1,default,,200,,,http://localhost:3000/movies,my_custom_tag=MongoDB,
http_req_duration,1777962806,19.919700,,,,true,,GET,http://localhost:3000/movies,HTTP/1.1,default,,200,,,http://localhost:3000/movies,my_custom_tag=MongoDB,
http_req_blocked,1777962806,0.000000,,,,true,,GET,http://localhost:3000/movies,HTTP/1.1,default,,200,,,http://localhost:3000/movies,my_custom_tag=MongoDB,
http_req_connecting,1777962806,0.000000,,,,true,,GET,http://localhost:3000/movies,HTTP/1.1,default,,200,,,http://localhost:3000/movies,my_custom_tag=MongoDB,
http_req_tls_handshaking,1777962806,0.000000,,,,true,,GET,http://localhost:3000/movies,HTTP/1.1,default,,200,,,http://localhost:3000/movies,my_custom_tag=MongoDB,
http_req_sending,1777962806,0.000000,,,,true,,GET,http://localhost:3000/movies,HTTP/1.1,default,,200,,,http://localhost:3000/movies,my_custom_tag=MongoDB,
http_req_waiting,1777962806,19.416400,,,,true,,GET,http://localhost:3000/movies,HTTP/1.1,default,,200,,,http://localhost:3000/movies,my_custom_tag=MongoDB,
http_req_receiving,1777962806,0.503300,,,,true,,GET,http://localhost:3000/movies,HTTP/1.1,default,,200,,,http://localhost:3000/movies,my_custom_tag=MongoDB,
http_req_failed,1777962806,0.000000,,,,true,,GET,http://localhost:3000/movies,HTTP/1.1,default,,200,,,http://localhost:3000/movies,my_custom_tag=MongoDB,
http_reqs,1777962806,1.000000,,,,true,,GET,http://localhost:3000/recommend/s1,HTTP/1.1,default,,200,,,http://localhost:3000/recommend/s1,my_custom_tag=Neo4j,
http_req_duration,1777962806,24.875000,,,,true,,GET,http://localhost:3000/recommend/s1,HTTP/1.1,default,,200,,,http://localhost:3000/recommend/s1,my_custom_tag=Neo4j,
http_req_blocked,1777962806,0.000000,,,,true,,GET,http://localhost:3000/recommend/s1,HTTP/1.1,default,,200,,,http://localhost:3000/recommend/s1,my_custom_tag=Neo4j,
http_req_connecting,1777962806,0.000000,,,,true,,GET,http://localhost:3000/recommend/s1,HTTP/1.1,default,,200,,,http://localhost:3000/recommend/s1,my_custom_tag=Neo4j,
http_req_tls_handshaking,1777962806,0.000000,,,,true,,GET,http://localhost:3000/recommend/s1,HTTP/1.1,default,,200,,,http://localhost:3000/recommend/s1,my_custom_tag=Neo4j,
http_req_sending,1777962806,0.000000,,,,true,,GET,http://localhost:3000/recommend/s1,HTTP/1.1,default,,200,,,http://localhost:3000/recommend/s1,my_custom_tag=Neo4j,
http_req_waiting,1777962806,24.875000,,,,true,,GET,http://localhost:3000/recommend/s1,HTTP/1.1,default,,200,,,http://localhost:3000/recommend/s1,my_custom_tag=Neo4j,
http_req_receiving,1777962806,0.000000,,,,true,,GET,http://localhost:3000/recommend/s1,HTTP/1.1,default,,200,,,http://localhost:3000/recommend/s1,my_custom_tag=Neo4j,
http_req_failed,1777962806,0.000000,,,,true,,GET,http://localhost:3000/recommend/s1,HTTP/1.1,default,,200,,,http://localhost:3000/recommend/s1,my_custom_tag=Neo4j,
http_reqs,1777962806,1.000000,,,,true,,GET,http://localhost:3000/movies,HTTP/1.1,default,,200,,,http://localhost:3000/movies,my_custom_tag=MongoDB,
http_req_duration,1777962806,22.885300,,,,true,,GET,http://localhost:3000/movies,HTTP/1.1,default,,200,,,http://localhost:3000/movies,my_custom_tag=MongoDB,
http_req_blocked,1777962806,0.000000,,,,true,,GET,http://localhost:3000/movies,HTTP/1.1,default,,200,,,http://localhost:3000/movies,my_custom_tag=MongoDB,
http_req_connecting,1777962806,0.000000,,,,true,,GET,http://localhost:3000/movies,HTTP/1.1,default,,200,,,http://localhost:3000/movies,my_custom_tag=MongoDB,
http_req_tls_handshaking,1777962806,0.000000,,,,true,,GET,http://localhost:3000/movies,HTTP/1.1,default,,200,,,http://localhost:3000/movies,my_custom_tag=MongoDB,
http_req_sending,1777962806,0.000000,,,,true,,GET,http://localhost:3000/movies,HTTP/1.1,default,,200,,,http://localhost:3000/movies,my_custom_tag=MongoDB,
http_req_waiting,1777962806,22.885300,,,,true,,GET,http://localhost:3000/movies,HTTP/1.1,default,,200,,,http://localhost:3000/movies,my_custom_tag=MongoDB,
http_req_receiving,1777962806,0.000000,,,,true,,GET,http://localhost:3000/movies,HTTP/1.1,default,,200,,,http://localhost:3000/movies,my_custom_tag=MongoDB,
http_req_failed,1777962806,0.000000,,,,true,,GET,http://localhost:3000/movies,HTTP/1.1,default,,200,,,http://localhost:3000/movies,my_custom_tag=MongoDB,
http_reqs,1777962806,1.000000,,,,true,,GET,http://localhost:3000/recommend/s1,HTTP/1.1,default,,200,,,http://localhost:3000/recommend/s1,my_custom_tag=Neo4j,
http_req_duration,1777962806,23.908800,,,,true,,GET,http://localhost:3000/recommend/s1,HTTP/1.1,default,,200,,,http://localhost:3000/recommend/s1,my_custom_tag=Neo4j,
http_req_blocked,1777962806,0.000000,,,,true,,GET,http://localhost:3000/recommend/s1,HTTP/1.1,default,,200,,,http://localhost:3000/recommend/s1,my_custom_tag=Neo4j,
http_req_connecting,1777962806,0.000000,,,,true,,GET,http://localhost:3000/recommend/s1,HTTP/1.1,default,,200,,,http://localhost:3000/recommend/s1,my_custom_tag=Neo4j,
http_req_tls_handshaking,1777962806,0.000000,,,,true,,GET,http://localhost:3000/recommend/s1,HTTP/1.1,default,,200,,,http://localhost:3000/recommend/s1,my_custom_tag=Neo4j,
http_req_sending,1777962806,0.000000,,,,true,,GET,http://localhost:3000/recommend/s1,HTTP/1.1,default,,200,,,http://localhost:3000/recommend/s1,my_custom_tag=Neo4j,
http_req_waiting,1777962806,23.908800,,,,true,,GET,http://localhost:3000/recommend/s1,HTTP/1.1,default,,200,,,http://localhost:3000/recommend/s1,my_custom_tag=Neo4j,
http_req_receiving,1777962806,0.000000,,,,true,,GET,http://localhost:3000/recommend/s1,HTTP/1.1,default,,200,,,http://localhost:3000/recommend/s1,my_custom_tag=Neo4j,
http_req_failed,1777962806,0.000000,,,,true,,GET,http://localhost:3000/recommend/s1,HTTP/1.1,default,,200,,,http://localhost:3000/recommend/s1,my_custom_tag=Neo4j,
http_reqs,1777962806,1.000000,,,,true,,GET,http://localhost:3000/movies,HTTP/1.1,default,,200,,,http://localhost:3000/movies,my_custom_tag=MongoDB,
http_req_duration,1777962806,23.368100,,,,true,,GET,http://localhost:3000/movies,HTTP/1.1,default,,200,,,http://localhost:3000/movies,my_custom_tag=MongoDB,
http_req_blocked,1777962806,0.000000,,,,true,,GET,http://localhost:3000/movies,HTTP/1.1,default,,200,,,http://localhost:3000/movies,my_custom_tag=MongoDB,
http_req_connecting,1777962806,0.000000,,,,true,,GET,http://localhost:3000/movies,HTTP/1.1,default,,200,,,http://localhost:3000/movies,my_custom_tag=MongoDB,
http_req_tls_handshaking,1777962806,0.000000,,,,true,,GET,http://localhost:3000/movies,HTTP/1.1,default,,200,,,http://localhost:3000/movies,my_custom_tag=MongoDB,
http_req_sending,1777962806,0.000000,,,,true,,GET,http://localhost:3000/movies,HTTP/1.1,default,,200,,,http://localhost:3000/movies,my_custom_tag=MongoDB,
http_req_waiting,1777962806,23.368100,,,,true,,GET,http://localhost:3000/movies,HTTP/1.1,default,,200,,,http://localhost:3000/movies,my_custom_tag=MongoDB,
http_req_receiving,1777962806,0.000000,,,,true,,GET,http://localhost:3000/movies,HTTP/1.1,default,,200,,,http://localhost:3000/movies,my_custom_tag=MongoDB,
http_req_failed,1777962806,0.000000,,,,true,,GET,http://localhost:3000/movies,HTTP/1.1,default,,200,,,http://localhost:3000/movies,my_custom_tag=MongoDB,
http_reqs,1777962806,1.000000,,,,true,,GET,http://localhost:3000/recommend/s1,HTTP/1.1,default,,200,,,http://localhost:3000/recommend/s1,my_custom_tag=Neo4j,
http_req_duration,1777962806,24.985800,,,,true,,GET,http://localhost:3000/recommend/s1,HTTP/1.1,default,,200,,,http://localhost:3000/recommend/s1,my_custom_tag=Neo4j,
http_req_blocked,1777962806,0.000000,,,,true,,GET,http://localhost:3000/recommend/s1,HTTP/1.1,default,,200,,,http://localhost:3000/recommend/s1,my_custom_tag=Neo4j,
http_req_connecting,1777962806,0.000000,,,,true,,GET,http://localhost:3000/recommend/s1,HTTP/1.1,default,,200,,,http://localhost:3000/recommend/s1,my_custom_tag=Neo4j,
http_req_tls_handshaking,1777962806,0.000000,,,,true,,GET,http://localhost:3000/recommend/s1,HTTP/1.1,default,,200,,,http://localhost:3000/recommend/s1,my_custom_tag=Neo4j,
http_req_sending,1777962806,0.000000,,,,true,,GET,http://localhost:3000/recommend/s1,HTTP/1.1,default,,200,,,http://localhost:3000/recommend/s1,my_custom_tag=Neo4j,
http_req_waiting,1777962806,24.643800,,,,true,,GET,http://localhost:3000/recommend/s1,HTTP/1.1,default,,200,,,http://localhost:3000/recommend/s1,my_custom_tag=Neo4j,
http_req_receiving,1777962806,0.342000,,,,true,,GET,http://localhost:3000/recommend/s1,HTTP/1.1,default,,200,,,http://localhost:3000/recommend/s1,my_custom_tag=Neo4j,
http_req_failed,1777962806,0.000000,,,,true,,GET,http://localhost:3000/recommend/s1,HTTP/1.1,default,,200,,,http://localhost:3000/recommend/s1,my_custom_tag=Neo4j,
http_reqs,1777962806,1.000000,,,,true,,GET,http://localhost:3000/recommend/s1,HTTP/1.1,default,,200,,,http://localhost:3000/recommend/s1,my_custom_tag=Neo4j,
http_req_duration,1777962806,13.058400,,,,true,,GET,http://localhost:3000/recommend/s1,HTTP/1.1,default,,200,,,http://localhost:3000/recommend/s1,my_custom_tag=Neo4j,
http_req_blocked,1777962806,0.000000,,,,true,,GET,http://localhost:3000/recommend/s1,HTTP/1.1,default,,200,,,http://localhost:3000/recommend/s1,my_custom_tag=Neo4j,
http_req_connecting,1777962806,0.000000,,,,true,,GET,http://localhost:3000/recommend/s1,HTTP/1.1,default,,200,,,http://localhost:3000/recommend/s1,my_custom_tag=Neo4j,
http_req_tls_handshaking,1777962806,0.000000,,,,true,,GET,http://localhost:3000/recommend/s1,HTTP/1.1,default,,200,,,http://localhost:3000/recommend/s1,my_custom_tag=Neo4j,
http_req_sending,1777962806,0.000000,,,,true,,GET,http://localhost:3000/recommend/s1,HTTP/1.1,default,,200,,,http://localhost:3000/recommend/s1,my_custom_tag=Neo4j,
http_req_waiting,1777962806,12.054200,,,,true,,GET,http://localhost:3000/recommend/s1,HTTP/1.1,default,,200,,,http://localhost:3000/recommend/s1,my_custom_tag=Neo4j,
http_req_receiving,1777962806,1.004200,,,,true,,GET,http://localhost:3000/recommend/s1,HTTP/1.1,default,,200,,,http://localhost:3000/recommend/s1,my_custom_tag=Neo4j,
http_req_failed,1777962806,0.000000,,,,true,,GET,http://localhost:3000/recommend/s1,HTTP/1.1,default,,200,,,http://localhost:3000/recommend/s1,my_custom_tag=Neo4j,
http_reqs,1777962806,1.000000,,,,true,,GET,http://localhost:3000/recommend/s1,HTTP/1.1,default,,200,,,http://localhost:3000/recommend/s1,my_custom_tag=Neo4j,
http_req_duration,1777962806,18.430900,,,,true,,GET,http://localhost:3000/recommend/s1,HTTP/1.1,default,,200,,,http://localhost:3000/recommend/s1,my_custom_tag=Neo4j,
http_req_blocked,1777962806,0.000000,,,,true,,GET,http://localhost:3000/recommend/s1,HTTP/1.1,default,,200,,,http://localhost:3000/recommend/s1,my_custom_tag=Neo4j,
http_req_connecting,1777962806,0.000000,,,,true,,GET,http://localhost:3000/recommend/s1,HTTP/1.1,default,,200,,,http://localhost:3000/recommend/s1,my_custom_tag=Neo4j,
http_req_tls_handshaking,1777962806,0.000000,,,,true,,GET,http://localhost:3000/recommend/s1,HTTP/1.1,default,,200,,,http://localhost:3000/recommend/s1,my_custom_tag=Neo4j,
http_req_sending,1777962806,0.000000,,,,true,,GET,http://localhost:3000/recommend/s1,HTTP/1.1,default,,200,,,http://localhost:3000/recommend/s1,my_custom_tag=Neo4j,
http_req_waiting,1777962806,18.430900,,,,true,,GET,http://localhost:3000/recommend/s1,HTTP/1.1,default,,200,,,http://localhost:3000/recommend/s1,my_custom_tag=Neo4j,
http_req_receiving,1777962806,0.000000,,,,true,,GET,http://localhost:3000/recommend/s1,HTTP/1.1,default,,200,,,http://localhost:3000/recommend/s1,my_custom_tag=Neo4j,
http_req_failed,1777962806,0.000000,,,,true,,GET,http://localhost:3000/recommend/s1,HTTP/1.1,default,,200,,,http://localhost:3000/recommend/s1,my_custom_tag=Neo4j,
http_reqs,1777962806,1.000000,,,,true,,GET,http://localhost:3000/recommend/s1,HTTP/1.1,default,,200,,,http://localhost:3000/recommend/s1,my_custom_tag=Neo4j,
http_req_duration,1777962806,16.577700,,,,true,,GET,http://localhost:3000/recommend/s1,HTTP/1.1,default,,200,,,http://localhost:3000/recommend/s1,my_custom_tag=Neo4j,
http_req_blocked,1777962806,0.000000,,,,true,,GET,http://localhost:3000/recommend/s1,HTTP/1.1,default,,200,,,http://localhost:3000/recommend/s1,my_custom_tag=Neo4j,
http_req_connecting,1777962806,0.000000,,,,true,,GET,http://localhost:3000/recommend/s1,HTTP/1.1,default,,200,,,http://localhost:3000/recommend/s1,my_custom_tag=Neo4j,
http_req_tls_handshaking,1777962806,0.000000,,,,true,,GET,http://localhost:3000/recommend/s1,HTTP/1.1,default,,200,,,http://localhost:3000/recommend/s1,my_custom_tag=Neo4j,
http_req_sending,1777962806,0.000000,,,,true,,GET,http://localhost:3000/recommend/s1,HTTP/1.1,default,,200,,,http://localhost:3000/recommend/s1,my_custom_tag=Neo4j,
http_req_waiting,1777962806,16.185300,,,,true,,GET,http://localhost:3000/recommend/s1,HTTP/1.1,default,,200,,,http://localhost:3000/recommend/s1,my_custom_tag=Neo4j,
http_req_receiving,1777962806,0.392400,,,,true,,GET,http://localhost:3000/recommend/s1,HTTP/1.1,default,,200,,,http://localhost:3000/recommend/s1,my_custom_tag=Neo4j,
http_req_failed,1777962806,0.000000,,,,true,,GET,http://localhost:3000/recommend/s1,HTTP/1.1,default,,200,,,http://localhost:3000/recommend/s1,my_custom_tag=Neo4j,
vus,1777962806,10.000000,,,,,,,,,,,,,,,,
vus_max,1777962806,10.000000,,,,,,,,,,,,,,,,
data_sent,1777962807,166.000000,,,,,,,,,default,,,,,,,
data_received,1777962807,12811.000000,,,,,,,,,default,,,,,,,
iteration_duration,1777962807,1031.165000,,,,,,,,,default,,,,,,,
iterations,1777962807,1.000000,,,,,,,,,default,,,,,,,
data_sent,1777962807,166.000000,,,,,,,,,default,,,,,,,
data_received,1777962807,12811.000000,,,,,,,,,default,,,,,,,
iteration_duration,1777962807,1034.649700,,,,,,,,,default,,,,,,,
iterations,1777962807,1.000000,,,,,,,,,default,,,,,,,
http_reqs,1777962807,1.000000,,,,true,,GET,http://localhost:3000/movies,HTTP/1.1,default,,200,,,http://localhost:3000/movies,my_custom_tag=MongoDB,
http_req_duration,1777962807,6.266800,,,,true,,GET,http://localhost:3000/movies,HTTP/1.1,default,,200,,,http://localhost:3000/movies,my_custom_tag=MongoDB,
http_req_blocked,1777962807,0.000000,,,,true,,GET,http://localhost:3000/movies,HTTP/1.1,default,,200,,,http://localhost:3000/movies,my_custom_tag=MongoDB,
http_req_connecting,1777962807,0.000000,,,,true,,GET,http://localhost:3000/movies,HTTP/1.1,default,,200,,,http://localhost:3000/movies,my_custom_tag=MongoDB,
http_req_tls_handshaking,1777962807,0.000000,,,,true,,GET,http://localhost:3000/movies,HTTP/1.1,default,,200,,,http://localhost:3000/movies,my_custom_tag=MongoDB,
http_req_sending,1777962807,0.000000,,,,true,,GET,http://localhost:3000/movies,HTTP/1.1,default,,200,,,http://localhost:3000/movies,my_custom_tag=MongoDB,
http_req_waiting,1777962807,5.283700,,,,true,,GET,http://localhost:3000/movies,HTTP/1.1,default,,200,,,http://localhost:3000/movies,my_custom_tag=MongoDB,
http_req_receiving,1777962807,0.983100,,,,true,,GET,http://localhost:3000/movies,HTTP/1.1,default,,200,,,http://localhost:3000/movies,my_custom_tag=MongoDB,
http_req_failed,1777962807,0.000000,,,,true,,GET,http://localhost:3000/movies,HTTP/1.1,default,,200,,,http://localhost:3000/movies,my_custom_tag=MongoDB,
http_reqs,1777962807,1.000000,,,,true,,GET,http://localhost:3000/movies,HTTP/1.1,default,,200,,,http://localhost:3000/movies,my_custom_tag=MongoDB,
http_req_duration,1777962807,6.237400,,,,true,,GET,http://localhost:3000/movies,HTTP/1.1,default,,200,,,http://localhost:3000/movies,my_custom_tag=MongoDB,
http_req_blocked,1777962807,0.000000,,,,true,,GET,http://localhost:3000/movies,HTTP/1.1,default,,200,,,http://localhost:3000/movies,my_custom_tag=MongoDB,
http_req_connecting,1777962807,0.000000,,,,true,,GET,http://localhost:3000/movies,HTTP/1.1,default,,200,,,http://localhost:3000/movies,my_custom_tag=MongoDB,
http_req_tls_handshaking,1777962807,0.000000,,,,true,,GET,http://localhost:3000/movies,HTTP/1.1,default,,200,,,http://localhost:3000/movies,my_custom_tag=MongoDB,
http_req_sending,1777962807,0.000000,,,,true,,GET,http://localhost:3000/movies,HTTP/1.1,default,,200,,,http://localhost:3000/movies,my_custom_tag=MongoDB,
http_req_waiting,1777962807,6.237400,,,,true,,GET,http://localhost:3000/movies,HTTP/1.1,default,,200,,,http://localhost:3000/movies,my_custom_tag=MongoDB,
http_req_receiving,1777962807,0.000000,,,,true,,GET,http://localhost:3000/movies,HTTP/1.1,default,,200,,,http://localhost:3000/movies,my_custom_tag=MongoDB,
http_req_failed,1777962807,0.000000,,,,true,,GET,http://localhost:3000/movies,HTTP/1.1,default,,200,,,http://localhost:3000/movies,my_custom_tag=MongoDB,
data_sent,1777962807,166.000000,,,,,,,,,default,,,,,,,
data_received,1777962807,12811.000000,,,,,,,,,default,,,,,,,
iteration_duration,1777962807,1032.042700,,,,,,,,,default,,,,,,,
iterations,1777962807,1.000000,,,,,,,,,default,,,,,,,
http_reqs,1777962807,1.000000,,,,true,,GET,http://localhost:3000/recommend/s1,HTTP/1.1,default,,200,,,http://localhost:3000/recommend/s1,my_custom_tag=Neo4j,
http_req_duration,1777962807,14.162100,,,,true,,GET,http://localhost:3000/recommend/s1,HTTP/1.1,default,,200,,,http://localhost:3000/recommend/s1,my_custom_tag=Neo4j,
http_req_blocked,1777962807,0.000000,,,,true,,GET,http://localhost:3000/recommend/s1,HTTP/1.1,default,,200,,,http://localhost:3000/recommend/s1,my_custom_tag=Neo4j,
http_req_connecting,1777962807,0.000000,,,,true,,GET,http://localhost:3000/recommend/s1,HTTP/1.1,default,,200,,,http://localhost:3000/recommend/s1,my_custom_tag=Neo4j,
http_req_tls_handshaking,1777962807,0.000000,,,,true,,GET,http://localhost:3000/recommend/s1,HTTP/1.1,default,,200,,,http://localhost:3000/recommend/s1,my_custom_tag=Neo4j,
http_req_sending,1777962807,0.000000,,,,true,,GET,http://localhost:3000/recommend/s1,HTTP/1.1,default,,200,,,http://localhost:3000/recommend/s1,my_custom_tag=Neo4j,
http_req_waiting,1777962807,13.207100,,,,true,,GET,http://localhost:3000/recommend/s1,HTTP/1.1,default,,200,,,http://localhost:3000/recommend/s1,my_custom_tag=Neo4j,
http_req_receiving,1777962807,0.955000,,,,true,,GET,http://localhost:3000/recommend/s1,HTTP/1.1,default,,200,,,http://localhost:3000/recommend/s1,my_custom_tag=Neo4j,
http_req_failed,1777962807,0.000000,,,,true,,GET,http://localhost:3000/recommend/s1,HTTP/1.1,default,,200,,,http://localhost:3000/recommend/s1,my_custom_tag=Neo4j,
http_reqs,1777962807,1.000000,,,,true,,GET,http://localhost:3000/recommend/s1,HTTP/1.1,default,,200,,,http://localhost:3000/recommend/s1,my_custom_tag=Neo4j,
http_req_duration,1777962807,12.983000,,,,true,,GET,http://localhost:3000/recommend/s1,HTTP/1.1,default,,200,,,http://localhost:3000/recommend/s1,my_custom_tag=Neo4j,
http_req_blocked,1777962807,0.000000,,,,true,,GET,http://localhost:3000/recommend/s1,HTTP/1.1,default,,200,,,http://localhost:3000/recommend/s1,my_custom_tag=Neo4j,
http_req_connecting,1777962807,0.000000,,,,true,,GET,http://localhost:3000/recommend/s1,HTTP/1.1,default,,200,,,http://localhost:3000/recommend/s1,my_custom_tag=Neo4j,
http_req_tls_handshaking,1777962807,0.000000,,,,true,,GET,http://localhost:3000/recommend/s1,HTTP/1.1,default,,200,,,http://localhost:3000/recommend/s1,my_custom_tag=Neo4j,
http_req_sending,1777962807,0.000000,,,,true,,GET,http://localhost:3000/recommend/s1,HTTP/1.1,default,,200,,,http://localhost:3000/recommend/s1,my_custom_tag=Neo4j,
http_req_waiting,1777962807,12.285900,,,,true,,GET,http://localhost:3000/recommend/s1,HTTP/1.1,default,,200,,,http://localhost:3000/recommend/s1,my_custom_tag=Neo4j,
http_req_receiving,1777962807,0.697100,,,,true,,GET,http://localhost:3000/recommend/s1,HTTP/1.1,default,,200,,,http://localhost:3000/recommend/s1,my_custom_tag=Neo4j,
http_req_failed,1777962807,0.000000,,,,true,,GET,http://localhost:3000/recommend/s1,HTTP/1.1,default,,200,,,http://localhost:3000/recommend/s1,my_custom_tag=Neo4j,
http_reqs,1777962807,1.000000,,,,true,,GET,http://localhost:3000/movies,HTTP/1.1,default,,200,,,http://localhost:3000/movies,my_custom_tag=MongoDB,
http_req_duration,1777962807,7.393400,,,,true,,GET,http://localhost:3000/movies,HTTP/1.1,default,,200,,,http://localhost:3000/movies,my_custom_tag=MongoDB,
http_req_blocked,1777962807,0.000000,,,,true,,GET,http://localhost:3000/movies,HTTP/1.1,default,,200,,,http://localhost:3000/movies,my_custom_tag=MongoDB,
http_req_connecting,1777962807,0.000000,,,,true,,GET,http://localhost:3000/movies,HTTP/1.1,default,,200,,,http://localhost:3000/movies,my_custom_tag=MongoDB,
http_req_tls_handshaking,1777962807,0.000000,,,,true,,GET,http://localhost:3000/movies,HTTP/1.1,default,,200,,,http://localhost:3000/movies,my_custom_tag=MongoDB,
http_req_sending,1777962807,0.000000,,,,true,,GET,http://localhost:3000/movies,HTTP/1.1,default,,200,,,http://localhost:3000/movies,my_custom_tag=MongoDB,
http_req_waiting,1777962807,6.380400,,,,true,,GET,http://localhost:3000/movies,HTTP/1.1,default,,200,,,http://localhost:3000/movies,my_custom_tag=MongoDB,
http_req_receiving,1777962807,1.013000,,,,true,,GET,http://localhost:3000/movies,HTTP/1.1,default,,200,,,http://localhost:3000/movies,my_custom_tag=MongoDB,
http_req_failed,1777962807,0.000000,,,,true,,GET,http://localhost:3000/movies,HTTP/1.1,default,,200,,,http://localhost:3000/movies,my_custom_tag=MongoDB,
data_sent,1777962807,166.000000,,,,,,,,,default,,,,,,,
data_received,1777962807,12811.000000,,,,,,,,,default,,,,,,,
iteration_duration,1777962807,1039.189900,,,,,,,,,default,,,,,,,
iterations,1777962807,1.000000,,,,,,,,,default,,,,,,,
data_sent,1777962807,166.000000,,,,,,,,,default,,,,,,,
data_received,1777962807,12811.000000,,,,,,,,,default,,,,,,,
iteration_duration,1777962807,1038.028700,,,,,,,,,default,,,,,,,
iterations,1777962807,1.000000,,,,,,,,,default,,,,,,,
http_reqs,1777962807,1.000000,,,,true,,GET,http://localhost:3000/movies,HTTP/1.1,default,,200,,,http://localhost:3000/movies,my_custom_tag=MongoDB,
http_req_duration,1777962807,6.121800,,,,true,,GET,http://localhost:3000/movies,HTTP/1.1,default,,200,,,http://localhost:3000/movies,my_custom_tag=MongoDB,
http_req_blocked,1777962807,0.000000,,,,true,,GET,http://localhost:3000/movies,HTTP/1.1,default,,200,,,http://localhost:3000/movies,my_custom_tag=MongoDB,
http_req_connecting,1777962807,0.000000,,,,true,,GET,http://localhost:3000/movies,HTTP/1.1,default,,200,,,http://localhost:3000/movies,my_custom_tag=MongoDB,
http_req_tls_handshaking,1777962807,0.000000,,,,true,,GET,http://localhost:3000/movies,HTTP/1.1,default,,200,,,http://localhost:3000/movies,my_custom_tag=MongoDB,
http_req_sending,1777962807,0.000000,,,,true,,GET,http://localhost:3000/movies,HTTP/1.1,default,,200,,,http://localhost:3000/movies,my_custom_tag=MongoDB,
http_req_waiting,1777962807,5.565900,,,,true,,GET,http://localhost:3000/movies,HTTP/1.1,default,,200,,,http://localhost:3000/movies,my_custom_tag=MongoDB,
http_req_receiving,1777962807,0.555900,,,,true,,GET,http://localhost:3000/movies,HTTP/1.1,default,,200,,,http://localhost:3000/movies,my_custom_tag=MongoDB,
http_req_failed,1777962807,0.000000,,,,true,,GET,http://localhost:3000/movies,HTTP/1.1,default,,200,,,http://localhost:3000/movies,my_custom_tag=MongoDB,
data_sent,1777962807,166.000000,,,,,,,,,default,,,,,,,
data_received,1777962807,12811.000000,,,,,,,,,default,,,,,,,
iteration_duration,1777962807,1035.764400,,,,,,,,,default,,,,,,,
iterations,1777962807,1.000000,,,,,,,,,default,,,,,,,
data_sent,1777962807,166.000000,,,,,,,,,default,,,,,,,
data_received,1777962807,12811.000000,,,,,,,,,default,,,,,,,
iteration_duration,1777962807,1037.925000,,,,,,,,,default,,,,,,,
iterations,1777962807,1.000000,,,,,,,,,default,,,,,,,
http_reqs,1777962807,1.000000,,,,true,,GET,http://localhost:3000/movies,HTTP/1.1,default,,200,,,http://localhost:3000/movies,my_custom_tag=MongoDB,
http_req_duration,1777962807,7.496100,,,,true,,GET,http://localhost:3000/movies,HTTP/1.1,default,,200,,,http://localhost:3000/movies,my_custom_tag=MongoDB,
http_req_blocked,1777962807,0.000000,,,,true,,GET,http://localhost:3000/movies,HTTP/1.1,default,,200,,,http://localhost:3000/movies,my_custom_tag=MongoDB,
http_req_connecting,1777962807,0.000000,,,,true,,GET,http://localhost:3000/movies,HTTP/1.1,default,,200,,,http://localhost:3000/movies,my_custom_tag=MongoDB,
http_req_tls_handshaking,1777962807,0.000000,,,,true,,GET,http://localhost:3000/movies,HTTP/1.1,default,,200,,,http://localhost:3000/movies,my_custom_tag=MongoDB,
http_req_sending,1777962807,0.000000,,,,true,,GET,http://localhost:3000/movies,HTTP/1.1,default,,200,,,http://localhost:3000/movies,my_custom_tag=MongoDB,
http_req_waiting,1777962807,6.534100,,,,true,,GET,http://localhost:3000/movies,HTTP/1.1,default,,200,,,http://localhost:3000/movies,my_custom_tag=MongoDB,
http_req_receiving,1777962807,0.962000,,,,true,,GET,http://localhost:3000/movies,HTTP/1.1,default,,200,,,http://localhost:3000/movies,my_custom_tag=MongoDB,
http_req_failed,1777962807,0.000000,,,,true,,GET,http://localhost:3000/movies,HTTP/1.1,default,,200,,,http://localhost:3000/movies,my_custom_tag=MongoDB,
http_reqs,1777962807,1.000000,,,,true,,GET,http://localhost:3000/recommend/s1,HTTP/1.1,default,,200,,,http://localhost:3000/recommend/s1,my_custom_tag=Neo4j,
http_req_duration,1777962807,17.908100,,,,true,,GET,http://localhost:3000/recommend/s1,HTTP/1.1,default,,200,,,http://localhost:3000/recommend/s1,my_custom_tag=Neo4j,
http_req_blocked,1777962807,0.000000,,,,true,,GET,http://localhost:3000/recommend/s1,HTTP/1.1,default,,200,,,http://localhost:3000/recommend/s1,my_custom_tag=Neo4j,
http_req_connecting,1777962807,0.000000,,,,true,,GET,http://localhost:3000/recommend/s1,HTTP/1.1,default,,200,,,http://localhost:3000/recommend/s1,my_custom_tag=Neo4j,
http_req_tls_handshaking,1777962807,0.000000,,,,true,,GET,http://localhost:3000/recommend/s1,HTTP/1.1,default,,200,,,http://localhost:3000/recommend/s1,my_custom_tag=Neo4j,
http_req_sending,1777962807,0.000000,,,,true,,GET,http://localhost:3000/recommend/s1,HTTP/1.1,default,,200,,,http://localhost:3000/recommend/s1,my_custom_tag=Neo4j,
http_req_waiting,1777962807,17.908100,,,,true,,GET,http://localhost:3000/recommend/s1,HTTP/1.1,default,,200,,,http://localhost:3000/recommend/s1,my_custom_tag=Neo4j,
http_req_receiving,1777962807,0.000000,,,,true,,GET,http://localhost:3000/recommend/s1,HTTP/1.1,default,,200,,,http://localhost:3000/recommend/s1,my_custom_tag=Neo4j,
http_req_failed,1777962807,0.000000,,,,true,,GET,http://localhost:3000/recommend/s1,HTTP/1.1,default,,200,,,http://localhost:3000/recommend/s1,my_custom_tag=Neo4j,
http_reqs,1777962807,1.000000,,,,true,,GET,http://localhost:3000/movies,HTTP/1.1,default,,200,,,http://localhost:3000/movies,my_custom_tag=MongoDB,
http_req_duration,1777962807,8.757600,,,,true,,GET,http://localhost:3000/movies,HTTP/1.1,default,,200,,,http://localhost:3000/movies,my_custom_tag=MongoDB,
http_req_blocked,1777962807,0.000000,,,,true,,GET,http://localhost:3000/movies,HTTP/1.1,default,,200,,,http://localhost:3000/movies,my_custom_tag=MongoDB,
http_req_connecting,1777962807,0.000000,,,,true,,GET,http://localhost:3000/movies,HTTP/1.1,default,,200,,,http://localhost:3000/movies,my_custom_tag=MongoDB,
http_req_tls_handshaking,1777962807,0.000000,,,,true,,GET,http://localhost:3000/movies,HTTP/1.1,default,,200,,,http://localhost:3000/movies,my_custom_tag=MongoDB,
http_req_sending,1777962807,0.000000,,,,true,,GET,http://localhost:3000/movies,HTTP/1.1,default,,200,,,http://localhost:3000/movies,my_custom_tag=MongoDB,
http_req_waiting,1777962807,7.748300,,,,true,,GET,http://localhost:3000/movies,HTTP/1.1,default,,200,,,http://localhost:3000/movies,my_custom_tag=MongoDB,
http_req_receiving,1777962807,1.009300,,,,true,,GET,http://localhost:3000/movies,HTTP/1.1,default,,200,,,http://localhost:3000/movies,my_custom_tag=MongoDB,
http_req_failed,1777962807,0.000000,,,,true,,GET,http://localhost:3000/movies,HTTP/1.1,default,,200,,,http://localhost:3000/movies,my_custom_tag=MongoDB,
http_reqs,1777962807,1.000000,,,,true,,GET,http://localhost:3000/movies,HTTP/1.1,default,,200,,,http://localhost:3000/movies,my_custom_tag=MongoDB,
http_req_duration,1777962807,8.571100,,,,true,,GET,http://localhost:3000/movies,HTTP/1.1,default,,200,,,http://localhost:3000/movies,my_custom_tag=MongoDB,
http_req_blocked,1777962807,0.000000,,,,true,,GET,http://localhost:3000/movies,HTTP/1.1,default,,200,,,http://localhost:3000/movies,my_custom_tag=MongoDB,
http_req_connecting,1777962807,0.000000,,,,true,,GET,http://localhost:3000/movies,HTTP/1.1,default,,200,,,http://localhost:3000/movies,my_custom_tag=MongoDB,
http_req_tls_handshaking,1777962807,0.000000,,,,true,,GET,http://localhost:3000/movies,HTTP/1.1,default,,200,,,http://localhost:3000/movies,my_custom_tag=MongoDB,
http_req_sending,1777962807,0.000000,,,,true,,GET,http://localhost:3000/movies,HTTP/1.1,default,,200,,,http://localhost:3000/movies,my_custom_tag=MongoDB,
http_req_waiting,1777962807,8.571100,,,,true,,GET,http://localhost:3000/movies,HTTP/1.1,default,,200,,,http://localhost:3000/movies,my_custom_tag=MongoDB,
http_req_receiving,1777962807,0.000000,,,,true,,GET,http://localhost:3000/movies,HTTP/1.1,default,,200,,,http://localhost:3000/movies,my_custom_tag=MongoDB,
http_req_failed,1777962807,0.000000,,,,true,,GET,http://localhost:3000/movies,HTTP/1.1,default,,200,,,http://localhost:3000/movies,my_custom_tag=MongoDB,
http_reqs,1777962807,1.000000,,,,true,,GET,http://localhost:3000/recommend/s1,HTTP/1.1,default,,200,,,http://localhost:3000/recommend/s1,my_custom_tag=Neo4j,
http_req_duration,1777962807,14.725800,,,,true,,GET,http://localhost:3000/recommend/s1,HTTP/1.1,default,,200,,,http://localhost:3000/recommend/s1,my_custom_tag=Neo4j,
http_req_blocked,1777962807,0.000000,,,,true,,GET,http://localhost:3000/recommend/s1,HTTP/1.1,default,,200,,,http://localhost:3000/recommend/s1,my_custom_tag=Neo4j,
http_req_connecting,1777962807,0.000000,,,,true,,GET,http://localhost:3000/recommend/s1,HTTP/1.1,default,,200,,,http://localhost:3000/recommend/s1,my_custom_tag=Neo4j,
http_req_tls_handshaking,1777962807,0.000000,,,,true,,GET,http://localhost:3000/recommend/s1,HTTP/1.1,default,,200,,,http://localhost:3000/recommend/s1,my_custom_tag=Neo4j,
http_req_sending,1777962807,0.000000,,,,true,,GET,http://localhost:3000/recommend/s1,HTTP/1.1,default,,200,,,http://localhost:3000/recommend/s1,my_custom_tag=Neo4j,
http_req_waiting,1777962807,14.725800,,,,true,,GET,http://localhost:3000/recommend/s1,HTTP/1.1,default,,200,,,http://localhost:3000/recommend/s1,my_custom_tag=Neo4j,
http_req_receiving,1777962807,0.000000,,,,true,,GET,http://localhost:3000/recommend/s1,HTTP/1.1,default,,200,,,http://localhost:3000/recommend/s1,my_custom_tag=Neo4j,
http_req_failed,1777962807,0.000000,,,,true,,GET,http://localhost:3000/recommend/s1,HTTP/1.1,default,,200,,,http://localhost:3000/recommend/s1,my_custom_tag=Neo4j,
data_sent,1777962807,166.000000,,,,,,,,,default,,,,,,,
data_received,1777962807,12811.000000,,,,,,,,,default,,,,,,,
iteration_duration,1777962807,1037.845700,,,,,,,,,default,,,,,,,
iterations,1777962807,1.000000,,,,,,,,,default,,,,,,,
data_sent,1777962807,166.000000,,,,,,,,,default,,,,,,,
data_received,1777962807,12811.000000,,,,,,,,,default,,,,,,,
iteration_duration,1777962807,1039.006500,,,,,,,,,default,,,,,,,
iterations,1777962807,1.000000,,,,,,,,,default,,,,,,,
data_sent,1777962807,166.000000,,,,,,,,,default,,,,,,,
data_received,1777962807,12811.000000,,,,,,,,,default,,,,,,,
iteration_duration,1777962807,1040.335500,,,,,,,,,default,,,,,,,
iterations,1777962807,1.000000,,,,,,,,,default,,,,,,,
http_reqs,1777962807,1.000000,,,,true,,GET,http://localhost:3000/recommend/s1,HTTP/1.1,default,,200,,,http://localhost:3000/recommend/s1,my_custom_tag=Neo4j,
http_req_duration,1777962807,11.298100,,,,true,,GET,http://localhost:3000/recommend/s1,HTTP/1.1,default,,200,,,http://localhost:3000/recommend/s1,my_custom_tag=Neo4j,
http_req_blocked,1777962807,0.000000,,,,true,,GET,http://localhost:3000/recommend/s1,HTTP/1.1,default,,200,,,http://localhost:3000/recommend/s1,my_custom_tag=Neo4j,
http_req_connecting,1777962807,0.000000,,,,true,,GET,http://localhost:3000/recommend/s1,HTTP/1.1,default,,200,,,http://localhost:3000/recommend/s1,my_custom_tag=Neo4j,
http_req_tls_handshaking,1777962807,0.000000,,,,true,,GET,http://localhost:3000/recommend/s1,HTTP/1.1,default,,200,,,http://localhost:3000/recommend/s1,my_custom_tag=Neo4j,
http_req_sending,1777962807,0.000000,,,,true,,GET,http://localhost:3000/recommend/s1,HTTP/1.1,default,,200,,,http://localhost:3000/recommend/s1,my_custom_tag=Neo4j,
http_req_waiting,1777962807,11.298100,,,,true,,GET,http://localhost:3000/recommend/s1,HTTP/1.1,default,,200,,,http://localhost:3000/recommend/s1,my_custom_tag=Neo4j,
http_req_receiving,1777962807,0.000000,,,,true,,GET,http://localhost:3000/recommend/s1,HTTP/1.1,default,,200,,,http://localhost:3000/recommend/s1,my_custom_tag=Neo4j,
http_req_failed,1777962807,0.000000,,,,true,,GET,http://localhost:3000/recommend/s1,HTTP/1.1,default,,200,,,http://localhost:3000/recommend/s1,my_custom_tag=Neo4j,
http_reqs,1777962807,1.000000,,,,true,,GET,http://localhost:3000/recommend/s1,HTTP/1.1,default,,200,,,http://localhost:3000/recommend/s1,my_custom_tag=Neo4j,
http_req_duration,1777962807,14.964500,,,,true,,GET,http://localhost:3000/recommend/s1,HTTP/1.1,default,,200,,,http://localhost:3000/recommend/s1,my_custom_tag=Neo4j,
http_req_blocked,1777962807,0.000000,,,,true,,GET,http://localhost:3000/recommend/s1,HTTP/1.1,default,,200,,,http://localhost:3000/recommend/s1,my_custom_tag=Neo4j,
http_req_connecting,1777962807,0.000000,,,,true,,GET,http://localhost:3000/recommend/s1,HTTP/1.1,default,,200,,,http://localhost:3000/recommend/s1,my_custom_tag=Neo4j,
http_req_tls_handshaking,1777962807,0.000000,,,,true,,GET,http://localhost:3000/recommend/s1,HTTP/1.1,default,,200,,,http://localhost:3000/recommend/s1,my_custom_tag=Neo4j,
http_req_sending,1777962807,0.000000,,,,true,,GET,http://localhost:3000/recommend/s1,HTTP/1.1,default,,200,,,http://localhost:3000/recommend/s1,my_custom_tag=Neo4j,
http_req_waiting,1777962807,14.964500,,,,true,,GET,http://localhost:3000/recommend/s1,HTTP/1.1,default,,200,,,http://localhost:3000/recommend/s1,my_custom_tag=Neo4j,
http_req_receiving,1777962807,0.000000,,,,true,,GET,http://localhost:3000/recommend/s1,HTTP/1.1,default,,200,,,http://localhost:3000/recommend/s1,my_custom_tag=Neo4j,
http_req_failed,1777962807,0.000000,,,,true,,GET,http://localhost:3000/recommend/s1,HTTP/1.1,default,,200,,,http://localhost:3000/recommend/s1,my_custom_tag=Neo4j,
http_reqs,1777962807,1.000000,,,,true,,GET,http://localhost:3000/movies,HTTP/1.1,default,,200,,,http://localhost:3000/movies,my_custom_tag=MongoDB,
http_req_duration,1777962807,7.415100,,,,true,,GET,http://localhost:3000/movies,HTTP/1.1,default,,200,,,http://localhost:3000/movies,my_custom_tag=MongoDB,
http_req_blocked,1777962807,0.000000,,,,true,,GET,http://localhost:3000/movies,HTTP/1.1,default,,200,,,http://localhost:3000/movies,my_custom_tag=MongoDB,
http_req_connecting,1777962807,0.000000,,,,true,,GET,http://localhost:3000/movies,HTTP/1.1,default,,200,,,http://localhost:3000/movies,my_custom_tag=MongoDB,
http_req_tls_handshaking,1777962807,0.000000,,,,true,,GET,http://localhost:3000/movies,HTTP/1.1,default,,200,,,http://localhost:3000/movies,my_custom_tag=MongoDB,
http_req_sending,1777962807,0.000000,,,,true,,GET,http://localhost:3000/movies,HTTP/1.1,default,,200,,,http://localhost:3000/movies,my_custom_tag=MongoDB,
http_req_waiting,1777962807,6.714700,,,,true,,GET,http://localhost:3000/movies,HTTP/1.1,default,,200,,,http://localhost:3000/movies,my_custom_tag=MongoDB,
http_req_receiving,1777962807,0.700400,,,,true,,GET,http://localhost:3000/movies,HTTP/1.1,default,,200,,,http://localhost:3000/movies,my_custom_tag=MongoDB,
http_req_failed,1777962807,0.000000,,,,true,,GET,http://localhost:3000/movies,HTTP/1.1,default,,200,,,http://localhost:3000/movies,my_custom_tag=MongoDB,
http_reqs,1777962807,1.000000,,,,true,,GET,http://localhost:3000/movies,HTTP/1.1,default,,200,,,http://localhost:3000/movies,my_custom_tag=MongoDB,
http_req_duration,1777962807,7.924900,,,,true,,GET,http://localhost:3000/movies,HTTP/1.1,default,,200,,,http://localhost:3000/movies,my_custom_tag=MongoDB,
http_req_blocked,1777962807,0.000000,,,,true,,GET,http://localhost:3000/movies,HTTP/1.1,default,,200,,,http://localhost:3000/movies,my_custom_tag=MongoDB,
http_req_connecting,1777962807,0.000000,,,,true,,GET,http://localhost:3000/movies,HTTP/1.1,default,,200,,,http://localhost:3000/movies,my_custom_tag=MongoDB,
http_req_tls_handshaking,1777962807,0.000000,,,,true,,GET,http://localhost:3000/movies,HTTP/1.1,default,,200,,,http://localhost:3000/movies,my_custom_tag=MongoDB,
http_req_sending,1777962807,0.000000,,,,true,,GET,http://localhost:3000/movies,HTTP/1.1,default,,200,,,http://localhost:3000/movies,my_custom_tag=MongoDB,
http_req_waiting,1777962807,7.924900,,,,true,,GET,http://localhost:3000/movies,HTTP/1.1,default,,200,,,http://localhost:3000/movies,my_custom_tag=MongoDB,
http_req_receiving,1777962807,0.000000,,,,true,,GET,http://localhost:3000/movies,HTTP/1.1,default,,200,,,http://localhost:3000/movies,my_custom_tag=MongoDB,
http_req_failed,1777962807,0.000000,,,,true,,GET,http://localhost:3000/movies,HTTP/1.1,default,,200,,,http://localhost:3000/movies,my_custom_tag=MongoDB,
http_reqs,1777962807,1.000000,,,,true,,GET,http://localhost:3000/movies,HTTP/1.1,default,,200,,,http://localhost:3000/movies,my_custom_tag=MongoDB,
http_req_duration,1777962807,5.529900,,,,true,,GET,http://localhost:3000/movies,HTTP/1.1,default,,200,,,http://localhost:3000/movies,my_custom_tag=MongoDB,
http_req_blocked,1777962807,0.000000,,,,true,,GET,http://localhost:3000/movies,HTTP/1.1,default,,200,,,http://localhost:3000/movies,my_custom_tag=MongoDB,
http_req_connecting,1777962807,0.000000,,,,true,,GET,http://localhost:3000/movies,HTTP/1.1,default,,200,,,http://localhost:3000/movies,my_custom_tag=MongoDB,
http_req_tls_handshaking,1777962807,0.000000,,,,true,,GET,http://localhost:3000/movies,HTTP/1.1,default,,200,,,http://localhost:3000/movies,my_custom_tag=MongoDB,
http_req_sending,1777962807,0.000000,,,,true,,GET,http://localhost:3000/movies,HTTP/1.1,default,,200,,,http://localhost:3000/movies,my_custom_tag=MongoDB,
http_req_waiting,1777962807,5.529900,,,,true,,GET,http://localhost:3000/movies,HTTP/1.1,default,,200,,,http://localhost:3000/movies,my_custom_tag=MongoDB,
http_req_receiving,1777962807,0.000000,,,,true,,GET,http://localhost:3000/movies,HTTP/1.1,default,,200,,,http://localhost:3000/movies,my_custom_tag=MongoDB,
http_req_failed,1777962807,0.000000,,,,true,,GET,http://localhost:3000/movies,HTTP/1.1,default,,200,,,http://localhost:3000/movies,my_custom_tag=MongoDB,
http_reqs,1777962807,1.000000,,,,true,,GET,http://localhost:3000/recommend/s1,HTTP/1.1,default,,200,,,http://localhost:3000/recommend/s1,my_custom_tag=Neo4j,
http_req_duration,1777962807,12.449800,,,,true,,GET,http://localhost:3000/recommend/s1,HTTP/1.1,default,,200,,,http://localhost:3000/recommend/s1,my_custom_tag=Neo4j,
http_req_blocked,1777962807,0.000000,,,,true,,GET,http://localhost:3000/recommend/s1,HTTP/1.1,default,,200,,,http://localhost:3000/recommend/s1,my_custom_tag=Neo4j,
http_req_connecting,1777962807,0.000000,,,,true,,GET,http://localhost:3000/recommend/s1,HTTP/1.1,default,,200,,,http://localhost:3000/recommend/s1,my_custom_tag=Neo4j,
http_req_tls_handshaking,1777962807,0.000000,,,,true,,GET,http://localhost:3000/recommend/s1,HTTP/1.1,default,,200,,,http://localhost:3000/recommend/s1,my_custom_tag=Neo4j,
http_req_sending,1777962807,0.000000,,,,true,,GET,http://localhost:3000/recommend/s1,HTTP/1.1,default,,200,,,http://localhost:3000/recommend/s1,my_custom_tag=Neo4j,
http_req_waiting,1777962807,12.449800,,,,true,,GET,http://localhost:3000/recommend/s1,HTTP/1.1,default,,200,,,http://localhost:3000/recommend/s1,my_custom_tag=Neo4j,
http_req_receiving,1777962807,0.000000,,,,true,,GET,http://localhost:3000/recommend/s1,HTTP/1.1,default,,200,,,http://localhost:3000/recommend/s1,my_custom_tag=Neo4j,
http_req_failed,1777962807,0.000000,,,,true,,GET,http://localhost:3000/recommend/s1,HTTP/1.1,default,,200,,,http://localhost:3000/recommend/s1,my_custom_tag=Neo4j,
http_reqs,1777962807,1.000000,,,,true,,GET,http://localhost:3000/recommend/s1,HTTP/1.1,default,,200,,,http://localhost:3000/recommend/s1,my_custom_tag=Neo4j,
http_req_duration,1777962807,10.601400,,,,true,,GET,http://localhost:3000/recommend/s1,HTTP/1.1,default,,200,,,http://localhost:3000/recommend/s1,my_custom_tag=Neo4j,
http_req_blocked,1777962807,0.680000,,,,true,,GET,http://localhost:3000/recommend/s1,HTTP/1.1,default,,200,,,http://localhost:3000/recommend/s1,my_custom_tag=Neo4j,
http_req_connecting,1777962807,0.000000,,,,true,,GET,http://localhost:3000/recommend/s1,HTTP/1.1,default,,200,,,http://localhost:3000/recommend/s1,my_custom_tag=Neo4j,
http_req_tls_handshaking,1777962807,0.000000,,,,true,,GET,http://localhost:3000/recommend/s1,HTTP/1.1,default,,200,,,http://localhost:3000/recommend/s1,my_custom_tag=Neo4j,
http_req_sending,1777962807,0.000000,,,,true,,GET,http://localhost:3000/recommend/s1,HTTP/1.1,default,,200,,,http://localhost:3000/recommend/s1,my_custom_tag=Neo4j,
http_req_waiting,1777962807,10.601400,,,,true,,GET,http://localhost:3000/recommend/s1,HTTP/1.1,default,,200,,,http://localhost:3000/recommend/s1,my_custom_tag=Neo4j,
http_req_receiving,1777962807,0.000000,,,,true,,GET,http://localhost:3000/recommend/s1,HTTP/1.1,default,,200,,,http://localhost:3000/recommend/s1,my_custom_tag=Neo4j,
http_req_failed,1777962807,0.000000,,,,true,,GET,http://localhost:3000/recommend/s1,HTTP/1.1,default,,200,,,http://localhost:3000/recommend/s1,my_custom_tag=Neo4j,
http_reqs,1777962807,1.000000,,,,true,,GET,http://localhost:3000/recommend/s1,HTTP/1.1,default,,200,,,http://localhost:3000/recommend/s1,my_custom_tag=Neo4j,
http_req_duration,1777962807,11.281400,,,,true,,GET,http://localhost:3000/recommend/s1,HTTP/1.1,default,,200,,,http://localhost:3000/recommend/s1,my_custom_tag=Neo4j,
http_req_blocked,1777962807,0.000000,,,,true,,GET,http://localhost:3000/recommend/s1,HTTP/1.1,default,,200,,,http://localhost:3000/recommend/s1,my_custom_tag=Neo4j,
http_req_connecting,1777962807,0.000000,,,,true,,GET,http://localhost:3000/recommend/s1,HTTP/1.1,default,,200,,,http://localhost:3000/recommend/s1,my_custom_tag=Neo4j,
http_req_tls_handshaking,1777962807,0.000000,,,,true,,GET,http://localhost:3000/recommend/s1,HTTP/1.1,default,,200,,,http://localhost:3000/recommend/s1,my_custom_tag=Neo4j,
http_req_sending,1777962807,0.000000,,,,true,,GET,http://localhost:3000/recommend/s1,HTTP/1.1,default,,200,,,http://localhost:3000/recommend/s1,my_custom_tag=Neo4j,
http_req_waiting,1777962807,11.281400,,,,true,,GET,http://localhost:3000/recommend/s1,HTTP/1.1,default,,200,,,http://localhost:3000/recommend/s1,my_custom_tag=Neo4j,
http_req_receiving,1777962807,0.000000,,,,true,,GET,http://localhost:3000/recommend/s1,HTTP/1.1,default,,200,,,http://localhost:3000/recommend/s1,my_custom_tag=Neo4j,
http_req_failed,1777962807,0.000000,,,,true,,GET,http://localhost:3000/recommend/s1,HTTP/1.1,default,,200,,,http://localhost:3000/recommend/s1,my_custom_tag=Neo4j,
http_reqs,1777962807,1.000000,,,,true,,GET,http://localhost:3000/recommend/s1,HTTP/1.1,default,,200,,,http://localhost:3000/recommend/s1,my_custom_tag=Neo4j,
http_req_duration,1777962807,12.322500,,,,true,,GET,http://localhost:3000/recommend/s1,HTTP/1.1,default,,200,,,http://localhost:3000/recommend/s1,my_custom_tag=Neo4j,
http_req_blocked,1777962807,0.000000,,,,true,,GET,http://localhost:3000/recommend/s1,HTTP/1.1,default,,200,,,http://localhost:3000/recommend/s1,my_custom_tag=Neo4j,
http_req_connecting,1777962807,0.000000,,,,true,,GET,http://localhost:3000/recommend/s1,HTTP/1.1,default,,200,,,http://localhost:3000/recommend/s1,my_custom_tag=Neo4j,
http_req_tls_handshaking,1777962807,0.000000,,,,true,,GET,http://localhost:3000/recommend/s1,HTTP/1.1,default,,200,,,http://localhost:3000/recommend/s1,my_custom_tag=Neo4j,
http_req_sending,1777962807,0.000000,,,,true,,GET,http://localhost:3000/recommend/s1,HTTP/1.1,default,,200,,,http://localhost:3000/recommend/s1,my_custom_tag=Neo4j,
http_req_waiting,1777962807,12.322500,,,,true,,GET,http://localhost:3000/recommend/s1,HTTP/1.1,default,,200,,,http://localhost:3000/recommend/s1,my_custom_tag=Neo4j,
http_req_receiving,1777962807,0.000000,,,,true,,GET,http://localhost:3000/recommend/s1,HTTP/1.1,default,,200,,,http://localhost:3000/recommend/s1,my_custom_tag=Neo4j,
http_req_failed,1777962807,0.000000,,,,true,,GET,http://localhost:3000/recommend/s1,HTTP/1.1,default,,200,,,http://localhost:3000/recommend/s1,my_custom_tag=Neo4j,
vus,1777962807,10.000000,,,,,,,,,,,,,,,,
vus_max,1777962807,10.000000,,,,,,,,,,,,,,,,
data_sent,1777962808,166.000000,,,,,,,,,default,,,,,,,
data_received,1777962808,12811.000000,,,,,,,,,default,,,,,,,
iteration_duration,1777962808,1021.206600,,,,,,,,,default,,,,,,,
iterations,1777962808,1.000000,,,,,,,,,default,,,,,,,
data_sent,1777962808,166.000000,,,,,,,,,default,,,,,,,
data_received,1777962808,12811.000000,,,,,,,,,default,,,,,,,
iteration_duration,1777962808,1019.796000,,,,,,,,,default,,,,,,,
iterations,1777962808,1.000000,,,,,,,,,default,,,,,,,
http_reqs,1777962808,1.000000,,,,true,,GET,http://localhost:3000/movies,HTTP/1.1,default,,200,,,http://localhost:3000/movies,my_custom_tag=MongoDB,
http_req_duration,1777962808,8.729800,,,,true,,GET,http://localhost:3000/movies,HTTP/1.1,default,,200,,,http://localhost:3000/movies,my_custom_tag=MongoDB,
http_req_blocked,1777962808,0.000000,,,,true,,GET,http://localhost:3000/movies,HTTP/1.1,default,,200,,,http://localhost:3000/movies,my_custom_tag=MongoDB,
http_req_connecting,1777962808,0.000000,,,,true,,GET,http://localhost:3000/movies,HTTP/1.1,default,,200,,,http://localhost:3000/movies,my_custom_tag=MongoDB,
http_req_tls_handshaking,1777962808,0.000000,,,,true,,GET,http://localhost:3000/movies,HTTP/1.1,default,,200,,,http://localhost:3000/movies,my_custom_tag=MongoDB,
http_req_sending,1777962808,0.545900,,,,true,,GET,http://localhost:3000/movies,HTTP/1.1,default,,200,,,http://localhost:3000/movies,my_custom_tag=MongoDB,
http_req_waiting,1777962808,8.183900,,,,true,,GET,http://localhost:3000/movies,HTTP/1.1,default,,200,,,http://localhost:3000/movies,my_custom_tag=MongoDB,
http_req_receiving,1777962808,0.000000,,,,true,,GET,http://localhost:3000/movies,HTTP/1.1,default,,200,,,http://localhost:3000/movies,my_custom_tag=MongoDB,
http_req_failed,1777962808,0.000000,,,,true,,GET,http://localhost:3000/movies,HTTP/1.1,default,,200,,,http://localhost:3000/movies,my_custom_tag=MongoDB,
http_reqs,1777962808,1.000000,,,,true,,GET,http://localhost:3000/movies,HTTP/1.1,default,,200,,,http://localhost:3000/movies,my_custom_tag=MongoDB,
http_req_duration,1777962808,8.076900,,,,true,,GET,http://localhost:3000/movies,HTTP/1.1,default,,200,,,http://localhost:3000/movies,my_custom_tag=MongoDB,
http_req_blocked,1777962808,0.000000,,,,true,,GET,http://localhost:3000/movies,HTTP/1.1,default,,200,,,http://localhost:3000/movies,my_custom_tag=MongoDB,
http_req_connecting,1777962808,0.000000,,,,true,,GET,http://localhost:3000/movies,HTTP/1.1,default,,200,,,http://localhost:3000/movies,my_custom_tag=MongoDB,
http_req_tls_handshaking,1777962808,0.000000,,,,true,,GET,http://localhost:3000/movies,HTTP/1.1,default,,200,,,http://localhost:3000/movies,my_custom_tag=MongoDB,
http_req_sending,1777962808,0.000000,,,,true,,GET,http://localhost:3000/movies,HTTP/1.1,default,,200,,,http://localhost:3000/movies,my_custom_tag=MongoDB,
http_req_waiting,1777962808,7.129700,,,,true,,GET,http://localhost:3000/movies,HTTP/1.1,default,,200,,,http://localhost:3000/movies,my_custom_tag=MongoDB,
http_req_receiving,1777962808,0.947200,,,,true,,GET,http://localhost:3000/movies,HTTP/1.1,default,,200,,,http://localhost:3000/movies,my_custom_tag=MongoDB,
http_req_failed,1777962808,0.000000,,,,true,,GET,http://localhost:3000/movies,HTTP/1.1,default,,200,,,http://localhost:3000/movies,my_custom_tag=MongoDB,
data_sent,1777962808,166.000000,,,,,,,,,default,,,,,,,
data_received,1777962808,12811.000000,,,,,,,,,default,,,,,,,
iteration_duration,1777962808,1025.754800,,,,,,,,,default,,,,,,,
iterations,1777962808,1.000000,,,,,,,,,default,,,,,,,
http_reqs,1777962808,1.000000,,,,true,,GET,http://localhost:3000/recommend/s1,HTTP/1.1,default,,200,,,http://localhost:3000/recommend/s1,my_custom_tag=Neo4j,
http_req_duration,1777962808,15.635300,,,,true,,GET,http://localhost:3000/recommend/s1,HTTP/1.1,default,,200,,,http://localhost:3000/recommend/s1,my_custom_tag=Neo4j,
http_req_blocked,1777962808,0.000000,,,,true,,GET,http://localhost:3000/recommend/s1,HTTP/1.1,default,,200,,,http://localhost:3000/recommend/s1,my_custom_tag=Neo4j,
http_req_connecting,1777962808,0.000000,,,,true,,GET,http://localhost:3000/recommend/s1,HTTP/1.1,default,,200,,,http://localhost:3000/recommend/s1,my_custom_tag=Neo4j,
http_req_tls_handshaking,1777962808,0.000000,,,,true,,GET,http://localhost:3000/recommend/s1,HTTP/1.1,default,,200,,,http://localhost:3000/recommend/s1,my_custom_tag=Neo4j,
http_req_sending,1777962808,0.705900,,,,true,,GET,http://localhost:3000/recommend/s1,HTTP/1.1,default,,200,,,http://localhost:3000/recommend/s1,my_custom_tag=Neo4j,
http_req_waiting,1777962808,14.929400,,,,true,,GET,http://localhost:3000/recommend/s1,HTTP/1.1,default,,200,,,http://localhost:3000/recommend/s1,my_custom_tag=Neo4j,
http_req_receiving,1777962808,0.000000,,,,true,,GET,http://localhost:3000/recommend/s1,HTTP/1.1,default,,200,,,http://localhost:3000/recommend/s1,my_custom_tag=Neo4j,
http_req_failed,1777962808,0.000000,,,,true,,GET,http://localhost:3000/recommend/s1,HTTP/1.1,default,,200,,,http://localhost:3000/recommend/s1,my_custom_tag=Neo4j,
http_reqs,1777962808,1.000000,,,,true,,GET,http://localhost:3000/recommend/s1,HTTP/1.1,default,,200,,,http://localhost:3000/recommend/s1,my_custom_tag=Neo4j,
http_req_duration,1777962808,19.030600,,,,true,,GET,http://localhost:3000/recommend/s1,HTTP/1.1,default,,200,,,http://localhost:3000/recommend/s1,my_custom_tag=Neo4j,
http_req_blocked,1777962808,0.000000,,,,true,,GET,http://localhost:3000/recommend/s1,HTTP/1.1,default,,200,,,http://localhost:3000/recommend/s1,my_custom_tag=Neo4j,
http_req_connecting,1777962808,0.000000,,,,true,,GET,http://localhost:3000/recommend/s1,HTTP/1.1,default,,200,,,http://localhost:3000/recommend/s1,my_custom_tag=Neo4j,
http_req_tls_handshaking,1777962808,0.000000,,,,true,,GET,http://localhost:3000/recommend/s1,HTTP/1.1,default,,200,,,http://localhost:3000/recommend/s1,my_custom_tag=Neo4j,
http_req_sending,1777962808,0.000000,,,,true,,GET,http://localhost:3000/recommend/s1,HTTP/1.1,default,,200,,,http://localhost:3000/recommend/s1,my_custom_tag=Neo4j,
http_req_waiting,1777962808,19.030600,,,,true,,GET,http://localhost:3000/recommend/s1,HTTP/1.1,default,,200,,,http://localhost:3000/recommend/s1,my_custom_tag=Neo4j,
http_req_receiving,1777962808,0.000000,,,,true,,GET,http://localhost:3000/recommend/s1,HTTP/1.1,default,,200,,,http://localhost:3000/recommend/s1,my_custom_tag=Neo4j,
http_req_failed,1777962808,0.000000,,,,true,,GET,http://localhost:3000/recommend/s1,HTTP/1.1,default,,200,,,http://localhost:3000/recommend/s1,my_custom_tag=Neo4j,
http_reqs,1777962808,1.000000,,,,true,,GET,http://localhost:3000/movies,HTTP/1.1,default,,200,,,http://localhost:3000/movies,my_custom_tag=MongoDB,
http_req_duration,1777962808,5.566400,,,,true,,GET,http://localhost:3000/movies,HTTP/1.1,default,,200,,,http://localhost:3000/movies,my_custom_tag=MongoDB,
http_req_blocked,1777962808,0.000000,,,,true,,GET,http://localhost:3000/movies,HTTP/1.1,default,,200,,,http://localhost:3000/movies,my_custom_tag=MongoDB,
http_req_connecting,1777962808,0.000000,,,,true,,GET,http://localhost:3000/movies,HTTP/1.1,default,,200,,,http://localhost:3000/movies,my_custom_tag=MongoDB,
http_req_tls_handshaking,1777962808,0.000000,,,,true,,GET,http://localhost:3000/movies,HTTP/1.1,default,,200,,,http://localhost:3000/movies,my_custom_tag=MongoDB,
http_req_sending,1777962808,0.000000,,,,true,,GET,http://localhost:3000/movies,HTTP/1.1,default,,200,,,http://localhost:3000/movies,my_custom_tag=MongoDB,
http_req_waiting,1777962808,5.566400,,,,true,,GET,http://localhost:3000/movies,HTTP/1.1,default,,200,,,http://localhost:3000/movies,my_custom_tag=MongoDB,
http_req_receiving,1777962808,0.000000,,,,true,,GET,http://localhost:3000/movies,HTTP/1.1,default,,200,,,http://localhost:3000/movies,my_custom_tag=MongoDB,
http_req_failed,1777962808,0.000000,,,,true,,GET,http://localhost:3000/movies,HTTP/1.1,default,,200,,,http://localhost:3000/movies,my_custom_tag=MongoDB,
data_sent,1777962808,166.000000,,,,,,,,,default,,,,,,,
data_received,1777962808,12811.000000,,,,,,,,,default,,,,,,,
iteration_duration,1777962808,1021.110200,,,,,,,,,default,,,,,,,
iterations,1777962808,1.000000,,,,,,,,,default,,,,,,,
http_reqs,1777962808,1.000000,,,,true,,GET,http://localhost:3000/movies,HTTP/1.1,default,,200,,,http://localhost:3000/movies,my_custom_tag=MongoDB,
http_req_duration,1777962808,5.554700,,,,true,,GET,http://localhost:3000/movies,HTTP/1.1,default,,200,,,http://localhost:3000/movies,my_custom_tag=MongoDB,
http_req_blocked,1777962808,0.000000,,,,true,,GET,http://localhost:3000/movies,HTTP/1.1,default,,200,,,http://localhost:3000/movies,my_custom_tag=MongoDB,
http_req_connecting,1777962808,0.000000,,,,true,,GET,http://localhost:3000/movies,HTTP/1.1,default,,200,,,http://localhost:3000/movies,my_custom_tag=MongoDB,
http_req_tls_handshaking,1777962808,0.000000,,,,true,,GET,http://localhost:3000/movies,HTTP/1.1,default,,200,,,http://localhost:3000/movies,my_custom_tag=MongoDB,
http_req_sending,1777962808,0.000000,,,,true,,GET,http://localhost:3000/movies,HTTP/1.1,default,,200,,,http://localhost:3000/movies,my_custom_tag=MongoDB,
http_req_waiting,1777962808,5.554700,,,,true,,GET,http://localhost:3000/movies,HTTP/1.1,default,,200,,,http://localhost:3000/movies,my_custom_tag=MongoDB,
http_req_receiving,1777962808,0.000000,,,,true,,GET,http://localhost:3000/movies,HTTP/1.1,default,,200,,,http://localhost:3000/movies,my_custom_tag=MongoDB,
http_req_failed,1777962808,0.000000,,,,true,,GET,http://localhost:3000/movies,HTTP/1.1,default,,200,,,http://localhost:3000/movies,my_custom_tag=MongoDB,
data_sent,1777962808,166.000000,,,,,,,,,default,,,,,,,
data_received,1777962808,12811.000000,,,,,,,,,default,,,,,,,
iteration_duration,1777962808,1020.332800,,,,,,,,,default,,,,,,,
iterations,1777962808,1.000000,,,,,,,,,default,,,,,,,
data_sent,1777962808,166.000000,,,,,,,,,default,,,,,,,
data_received,1777962808,12811.000000,,,,,,,,,default,,,,,,,
iteration_duration,1777962808,1023.291300,,,,,,,,,default,,,,,,,
iterations,1777962808,1.000000,,,,,,,,,default,,,,,,,
data_sent,1777962808,166.000000,,,,,,,,,default,,,,,,,
data_received,1777962808,12811.000000,,,,,,,,,default,,,,,,,
iteration_duration,1777962808,1023.015100,,,,,,,,,default,,,,,,,
iterations,1777962808,1.000000,,,,,,,,,default,,,,,,,
http_reqs,1777962808,1.000000,,,,true,,GET,http://localhost:3000/movies,HTTP/1.1,default,,200,,,http://localhost:3000/movies,my_custom_tag=MongoDB,
http_req_duration,1777962808,5.853700,,,,true,,GET,http://localhost:3000/movies,HTTP/1.1,default,,200,,,http://localhost:3000/movies,my_custom_tag=MongoDB,
http_req_blocked,1777962808,0.000000,,,,true,,GET,http://localhost:3000/movies,HTTP/1.1,default,,200,,,http://localhost:3000/movies,my_custom_tag=MongoDB,
http_req_connecting,1777962808,0.000000,,,,true,,GET,http://localhost:3000/movies,HTTP/1.1,default,,200,,,http://localhost:3000/movies,my_custom_tag=MongoDB,
http_req_tls_handshaking,1777962808,0.000000,,,,true,,GET,http://localhost:3000/movies,HTTP/1.1,default,,200,,,http://localhost:3000/movies,my_custom_tag=MongoDB,
http_req_sending,1777962808,0.000000,,,,true,,GET,http://localhost:3000/movies,HTTP/1.1,default,,200,,,http://localhost:3000/movies,my_custom_tag=MongoDB,
http_req_waiting,1777962808,5.853700,,,,true,,GET,http://localhost:3000/movies,HTTP/1.1,default,,200,,,http://localhost:3000/movies,my_custom_tag=MongoDB,
http_req_receiving,1777962808,0.000000,,,,true,,GET,http://localhost:3000/movies,HTTP/1.1,default,,200,,,http://localhost:3000/movies,my_custom_tag=MongoDB,
http_req_failed,1777962808,0.000000,,,,true,,GET,http://localhost:3000/movies,HTTP/1.1,default,,200,,,http://localhost:3000/movies,my_custom_tag=MongoDB,
http_reqs,1777962808,1.000000,,,,true,,GET,http://localhost:3000/movies,HTTP/1.1,default,,200,,,http://localhost:3000/movies,my_custom_tag=MongoDB,
http_req_duration,1777962808,6.902100,,,,true,,GET,http://localhost:3000/movies,HTTP/1.1,default,,200,,,http://localhost:3000/movies,my_custom_tag=MongoDB,
http_req_blocked,1777962808,0.000000,,,,true,,GET,http://localhost:3000/movies,HTTP/1.1,default,,200,,,http://localhost:3000/movies,my_custom_tag=MongoDB,
http_req_connecting,1777962808,0.000000,,,,true,,GET,http://localhost:3000/movies,HTTP/1.1,default,,200,,,http://localhost:3000/movies,my_custom_tag=MongoDB,
http_req_tls_handshaking,1777962808,0.000000,,,,true,,GET,http://localhost:3000/movies,HTTP/1.1,default,,200,,,http://localhost:3000/movies,my_custom_tag=MongoDB,
http_req_sending,1777962808,0.000000,,,,true,,GET,http://localhost:3000/movies,HTTP/1.1,default,,200,,,http://localhost:3000/movies,my_custom_tag=MongoDB,
http_req_waiting,1777962808,6.902100,,,,true,,GET,http://localhost:3000/movies,HTTP/1.1,default,,200,,,http://localhost:3000/movies,my_custom_tag=MongoDB,
http_req_receiving,1777962808,0.000000,,,,true,,GET,http://localhost:3000/movies,HTTP/1.1,default,,200,,,http://localhost:3000/movies,my_custom_tag=MongoDB,
http_req_failed,1777962808,0.000000,,,,true,,GET,http://localhost:3000/movies,HTTP/1.1,default,,200,,,http://localhost:3000/movies,my_custom_tag=MongoDB,
http_reqs,1777962808,1.000000,,,,true,,GET,http://localhost:3000/recommend/s1,HTTP/1.1,default,,200,,,http://localhost:3000/recommend/s1,my_custom_tag=Neo4j,
http_req_duration,1777962808,16.315600,,,,true,,GET,http://localhost:3000/recommend/s1,HTTP/1.1,default,,200,,,http://localhost:3000/recommend/s1,my_custom_tag=Neo4j,
http_req_blocked,1777962808,0.000000,,,,true,,GET,http://localhost:3000/recommend/s1,HTTP/1.1,default,,200,,,http://localhost:3000/recommend/s1,my_custom_tag=Neo4j,
http_req_connecting,1777962808,0.000000,,,,true,,GET,http://localhost:3000/recommend/s1,HTTP/1.1,default,,200,,,http://localhost:3000/recommend/s1,my_custom_tag=Neo4j,
http_req_tls_handshaking,1777962808,0.000000,,,,true,,GET,http://localhost:3000/recommend/s1,HTTP/1.1,default,,200,,,http://localhost:3000/recommend/s1,my_custom_tag=Neo4j,
http_req_sending,1777962808,0.000000,,,,true,,GET,http://localhost:3000/recommend/s1,HTTP/1.1,default,,200,,,http://localhost:3000/recommend/s1,my_custom_tag=Neo4j,
http_req_waiting,1777962808,16.315600,,,,true,,GET,http://localhost:3000/recommend/s1,HTTP/1.1,default,,200,,,http://localhost:3000/recommend/s1,my_custom_tag=Neo4j,
http_req_receiving,1777962808,0.000000,,,,true,,GET,http://localhost:3000/recommend/s1,HTTP/1.1,default,,200,,,http://localhost:3000/recommend/s1,my_custom_tag=Neo4j,
http_req_failed,1777962808,0.000000,,,,true,,GET,http://localhost:3000/recommend/s1,HTTP/1.1,default,,200,,,http://localhost:3000/recommend/s1,my_custom_tag=Neo4j,
http_reqs,1777962808,1.000000,,,,true,,GET,http://localhost:3000/recommend/s1,HTTP/1.1,default,,200,,,http://localhost:3000/recommend/s1,my_custom_tag=Neo4j,
http_req_duration,1777962808,11.481100,,,,true,,GET,http://localhost:3000/recommend/s1,HTTP/1.1,default,,200,,,http://localhost:3000/recommend/s1,my_custom_tag=Neo4j,
http_req_blocked,1777962808,0.000000,,,,true,,GET,http://localhost:3000/recommend/s1,HTTP/1.1,default,,200,,,http://localhost:3000/recommend/s1,my_custom_tag=Neo4j,
http_req_connecting,1777962808,0.000000,,,,true,,GET,http://localhost:3000/recommend/s1,HTTP/1.1,default,,200,,,http://localhost:3000/recommend/s1,my_custom_tag=Neo4j,
http_req_tls_handshaking,1777962808,0.000000,,,,true,,GET,http://localhost:3000/recommend/s1,HTTP/1.1,default,,200,,,http://localhost:3000/recommend/s1,my_custom_tag=Neo4j,
http_req_sending,1777962808,0.000000,,,,true,,GET,http://localhost:3000/recommend/s1,HTTP/1.1,default,,200,,,http://localhost:3000/recommend/s1,my_custom_tag=Neo4j,
http_req_waiting,1777962808,11.481100,,,,true,,GET,http://localhost:3000/recommend/s1,HTTP/1.1,default,,200,,,http://localhost:3000/recommend/s1,my_custom_tag=Neo4j,
http_req_receiving,1777962808,0.000000,,,,true,,GET,http://localhost:3000/recommend/s1,HTTP/1.1,default,,200,,,http://localhost:3000/recommend/s1,my_custom_tag=Neo4j,
http_req_failed,1777962808,0.000000,,,,true,,GET,http://localhost:3000/recommend/s1,HTTP/1.1,default,,200,,,http://localhost:3000/recommend/s1,my_custom_tag=Neo4j,
http_reqs,1777962808,1.000000,,,,true,,GET,http://localhost:3000/movies,HTTP/1.1,default,,200,,,http://localhost:3000/movies,my_custom_tag=MongoDB,
http_req_duration,1777962808,8.970700,,,,true,,GET,http://localhost:3000/movies,HTTP/1.1,default,,200,,,http://localhost:3000/movies,my_custom_tag=MongoDB,
http_req_blocked,1777962808,0.000000,,,,true,,GET,http://localhost:3000/movies,HTTP/1.1,default,,200,,,http://localhost:3000/movies,my_custom_tag=MongoDB,
http_req_connecting,1777962808,0.000000,,,,true,,GET,http://localhost:3000/movies,HTTP/1.1,default,,200,,,http://localhost:3000/movies,my_custom_tag=MongoDB,
http_req_tls_handshaking,1777962808,0.000000,,,,true,,GET,http://localhost:3000/movies,HTTP/1.1,default,,200,,,http://localhost:3000/movies,my_custom_tag=MongoDB,
http_req_sending,1777962808,0.000000,,,,true,,GET,http://localhost:3000/movies,HTTP/1.1,default,,200,,,http://localhost:3000/movies,my_custom_tag=MongoDB,
http_req_waiting,1777962808,8.271100,,,,true,,GET,http://localhost:3000/movies,HTTP/1.1,default,,200,,,http://localhost:3000/movies,my_custom_tag=MongoDB,
http_req_receiving,1777962808,0.699600,,,,true,,GET,http://localhost:3000/movies,HTTP/1.1,default,,200,,,http://localhost:3000/movies,my_custom_tag=MongoDB,
http_req_failed,1777962808,0.000000,,,,true,,GET,http://localhost:3000/movies,HTTP/1.1,default,,200,,,http://localhost:3000/movies,my_custom_tag=MongoDB,
data_sent,1777962808,166.000000,,,,,,,,,default,,,,,,,
data_received,1777962808,12811.000000,,,,,,,,,default,,,,,,,
iteration_duration,1777962808,1020.580600,,,,,,,,,default,,,,,,,
iterations,1777962808,1.000000,,,,,,,,,default,,,,,,,
data_sent,1777962808,166.000000,,,,,,,,,default,,,,,,,
data_received,1777962808,12811.000000,,,,,,,,,default,,,,,,,
iteration_duration,1777962808,1020.580600,,,,,,,,,default,,,,,,,
iterations,1777962808,1.000000,,,,,,,,,default,,,,,,,
data_sent,1777962808,166.000000,,,,,,,,,default,,,,,,,
data_received,1777962808,12811.000000,,,,,,,,,default,,,,,,,
iteration_duration,1777962808,1018.739100,,,,,,,,,default,,,,,,,
iterations,1777962808,1.000000,,,,,,,,,default,,,,,,,
http_reqs,1777962808,1.000000,,,,true,,GET,http://localhost:3000/recommend/s1,HTTP/1.1,default,,200,,,http://localhost:3000/recommend/s1,my_custom_tag=Neo4j,
http_req_duration,1777962808,18.818600,,,,true,,GET,http://localhost:3000/recommend/s1,HTTP/1.1,default,,200,,,http://localhost:3000/recommend/s1,my_custom_tag=Neo4j,
http_req_blocked,1777962808,0.000000,,,,true,,GET,http://localhost:3000/recommend/s1,HTTP/1.1,default,,200,,,http://localhost:3000/recommend/s1,my_custom_tag=Neo4j,
http_req_connecting,1777962808,0.000000,,,,true,,GET,http://localhost:3000/recommend/s1,HTTP/1.1,default,,200,,,http://localhost:3000/recommend/s1,my_custom_tag=Neo4j,
http_req_tls_handshaking,1777962808,0.000000,,,,true,,GET,http://localhost:3000/recommend/s1,HTTP/1.1,default,,200,,,http://localhost:3000/recommend/s1,my_custom_tag=Neo4j,
http_req_sending,1777962808,0.000000,,,,true,,GET,http://localhost:3000/recommend/s1,HTTP/1.1,default,,200,,,http://localhost:3000/recommend/s1,my_custom_tag=Neo4j,
http_req_waiting,1777962808,17.825200,,,,true,,GET,http://localhost:3000/recommend/s1,HTTP/1.1,default,,200,,,http://localhost:3000/recommend/s1,my_custom_tag=Neo4j,
http_req_receiving,1777962808,0.993400,,,,true,,GET,http://localhost:3000/recommend/s1,HTTP/1.1,default,,200,,,http://localhost:3000/recommend/s1,my_custom_tag=Neo4j,
http_req_failed,1777962808,0.000000,,,,true,,GET,http://localhost:3000/recommend/s1,HTTP/1.1,default,,200,,,http://localhost:3000/recommend/s1,my_custom_tag=Neo4j,
http_reqs,1777962808,1.000000,,,,true,,GET,http://localhost:3000/recommend/s1,HTTP/1.1,default,,200,,,http://localhost:3000/recommend/s1,my_custom_tag=Neo4j,
http_req_duration,1777962808,19.902500,,,,true,,GET,http://localhost:3000/recommend/s1,HTTP/1.1,default,,200,,,http://localhost:3000/recommend/s1,my_custom_tag=Neo4j,
http_req_blocked,1777962808,0.000000,,,,true,,GET,http://localhost:3000/recommend/s1,HTTP/1.1,default,,200,,,http://localhost:3000/recommend/s1,my_custom_tag=Neo4j,
http_req_connecting,1777962808,0.000000,,,,true,,GET,http://localhost:3000/recommend/s1,HTTP/1.1,default,,200,,,http://localhost:3000/recommend/s1,my_custom_tag=Neo4j,
http_req_tls_handshaking,1777962808,0.000000,,,,true,,GET,http://localhost:3000/recommend/s1,HTTP/1.1,default,,200,,,http://localhost:3000/recommend/s1,my_custom_tag=Neo4j,
http_req_sending,1777962808,0.000000,,,,true,,GET,http://localhost:3000/recommend/s1,HTTP/1.1,default,,200,,,http://localhost:3000/recommend/s1,my_custom_tag=Neo4j,
http_req_waiting,1777962808,19.902500,,,,true,,GET,http://localhost:3000/recommend/s1,HTTP/1.1,default,,200,,,http://localhost:3000/recommend/s1,my_custom_tag=Neo4j,
http_req_receiving,1777962808,0.000000,,,,true,,GET,http://localhost:3000/recommend/s1,HTTP/1.1,default,,200,,,http://localhost:3000/recommend/s1,my_custom_tag=Neo4j,
http_req_failed,1777962808,0.000000,,,,true,,GET,http://localhost:3000/recommend/s1,HTTP/1.1,default,,200,,,http://localhost:3000/recommend/s1,my_custom_tag=Neo4j,
http_reqs,1777962808,1.000000,,,,true,,GET,http://localhost:3000/recommend/s1,HTTP/1.1,default,,200,,,http://localhost:3000/recommend/s1,my_custom_tag=Neo4j,
http_req_duration,1777962808,12.254800,,,,true,,GET,http://localhost:3000/recommend/s1,HTTP/1.1,default,,200,,,http://localhost:3000/recommend/s1,my_custom_tag=Neo4j,
http_req_blocked,1777962808,0.000000,,,,true,,GET,http://localhost:3000/recommend/s1,HTTP/1.1,default,,200,,,http://localhost:3000/recommend/s1,my_custom_tag=Neo4j,
http_req_connecting,1777962808,0.000000,,,,true,,GET,http://localhost:3000/recommend/s1,HTTP/1.1,default,,200,,,http://localhost:3000/recommend/s1,my_custom_tag=Neo4j,
http_req_tls_handshaking,1777962808,0.000000,,,,true,,GET,http://localhost:3000/recommend/s1,HTTP/1.1,default,,200,,,http://localhost:3000/recommend/s1,my_custom_tag=Neo4j,
http_req_sending,1777962808,0.000000,,,,true,,GET,http://localhost:3000/recommend/s1,HTTP/1.1,default,,200,,,http://localhost:3000/recommend/s1,my_custom_tag=Neo4j,
http_req_waiting,1777962808,12.254800,,,,true,,GET,http://localhost:3000/recommend/s1,HTTP/1.1,default,,200,,,http://localhost:3000/recommend/s1,my_custom_tag=Neo4j,
http_req_receiving,1777962808,0.000000,,,,true,,GET,http://localhost:3000/recommend/s1,HTTP/1.1,default,,200,,,http://localhost:3000/recommend/s1,my_custom_tag=Neo4j,
http_req_failed,1777962808,0.000000,,,,true,,GET,http://localhost:3000/recommend/s1,HTTP/1.1,default,,200,,,http://localhost:3000/recommend/s1,my_custom_tag=Neo4j,
http_reqs,1777962808,1.000000,,,,true,,GET,http://localhost:3000/movies,HTTP/1.1,default,,200,,,http://localhost:3000/movies,my_custom_tag=MongoDB,
http_req_duration,1777962808,12.773000,,,,true,,GET,http://localhost:3000/movies,HTTP/1.1,default,,200,,,http://localhost:3000/movies,my_custom_tag=MongoDB,
http_req_blocked,1777962808,0.000000,,,,true,,GET,http://localhost:3000/movies,HTTP/1.1,default,,200,,,http://localhost:3000/movies,my_custom_tag=MongoDB,
http_req_connecting,1777962808,0.000000,,,,true,,GET,http://localhost:3000/movies,HTTP/1.1,default,,200,,,http://localhost:3000/movies,my_custom_tag=MongoDB,
http_req_tls_handshaking,1777962808,0.000000,,,,true,,GET,http://localhost:3000/movies,HTTP/1.1,default,,200,,,http://localhost:3000/movies,my_custom_tag=MongoDB,
http_req_sending,1777962808,0.000000,,,,true,,GET,http://localhost:3000/movies,HTTP/1.1,default,,200,,,http://localhost:3000/movies,my_custom_tag=MongoDB,
http_req_waiting,1777962808,12.773000,,,,true,,GET,http://localhost:3000/movies,HTTP/1.1,default,,200,,,http://localhost:3000/movies,my_custom_tag=MongoDB,
http_req_receiving,1777962808,0.000000,,,,true,,GET,http://localhost:3000/movies,HTTP/1.1,default,,200,,,http://localhost:3000/movies,my_custom_tag=MongoDB,
http_req_failed,1777962808,0.000000,,,,true,,GET,http://localhost:3000/movies,HTTP/1.1,default,,200,,,http://localhost:3000/movies,my_custom_tag=MongoDB,
http_reqs,1777962808,1.000000,,,,true,,GET,http://localhost:3000/movies,HTTP/1.1,default,,200,,,http://localhost:3000/movies,my_custom_tag=MongoDB,
http_req_duration,1777962808,14.579900,,,,true,,GET,http://localhost:3000/movies,HTTP/1.1,default,,200,,,http://localhost:3000/movies,my_custom_tag=MongoDB,
http_req_blocked,1777962808,0.000000,,,,true,,GET,http://localhost:3000/movies,HTTP/1.1,default,,200,,,http://localhost:3000/movies,my_custom_tag=MongoDB,
http_req_connecting,1777962808,0.000000,,,,true,,GET,http://localhost:3000/movies,HTTP/1.1,default,,200,,,http://localhost:3000/movies,my_custom_tag=MongoDB,
http_req_tls_handshaking,1777962808,0.000000,,,,true,,GET,http://localhost:3000/movies,HTTP/1.1,default,,200,,,http://localhost:3000/movies,my_custom_tag=MongoDB,
http_req_sending,1777962808,0.000000,,,,true,,GET,http://localhost:3000/movies,HTTP/1.1,default,,200,,,http://localhost:3000/movies,my_custom_tag=MongoDB,
http_req_waiting,1777962808,14.579900,,,,true,,GET,http://localhost:3000/movies,HTTP/1.1,default,,200,,,http://localhost:3000/movies,my_custom_tag=MongoDB,
http_req_receiving,1777962808,0.000000,,,,true,,GET,http://localhost:3000/movies,HTTP/1.1,default,,200,,,http://localhost:3000/movies,my_custom_tag=MongoDB,
http_req_failed,1777962808,0.000000,,,,true,,GET,http://localhost:3000/movies,HTTP/1.1,default,,200,,,http://localhost:3000/movies,my_custom_tag=MongoDB,
http_reqs,1777962808,1.000000,,,,true,,GET,http://localhost:3000/movies,HTTP/1.1,default,,200,,,http://localhost:3000/movies,my_custom_tag=MongoDB,
http_req_duration,1777962808,14.374400,,,,true,,GET,http://localhost:3000/movies,HTTP/1.1,default,,200,,,http://localhost:3000/movies,my_custom_tag=MongoDB,
http_req_blocked,1777962808,0.000000,,,,true,,GET,http://localhost:3000/movies,HTTP/1.1,default,,200,,,http://localhost:3000/movies,my_custom_tag=MongoDB,
http_req_connecting,1777962808,0.000000,,,,true,,GET,http://localhost:3000/movies,HTTP/1.1,default,,200,,,http://localhost:3000/movies,my_custom_tag=MongoDB,
http_req_tls_handshaking,1777962808,0.000000,,,,true,,GET,http://localhost:3000/movies,HTTP/1.1,default,,200,,,http://localhost:3000/movies,my_custom_tag=MongoDB,
http_req_sending,1777962808,0.000000,,,,true,,GET,http://localhost:3000/movies,HTTP/1.1,default,,200,,,http://localhost:3000/movies,my_custom_tag=MongoDB,
http_req_waiting,1777962808,14.374400,,,,true,,GET,http://localhost:3000/movies,HTTP/1.1,default,,200,,,http://localhost:3000/movies,my_custom_tag=MongoDB,
http_req_receiving,1777962808,0.000000,,,,true,,GET,http://localhost:3000/movies,HTTP/1.1,default,,200,,,http://localhost:3000/movies,my_custom_tag=MongoDB,
http_req_failed,1777962808,0.000000,,,,true,,GET,http://localhost:3000/movies,HTTP/1.1,default,,200,,,http://localhost:3000/movies,my_custom_tag=MongoDB,
http_reqs,1777962808,1.000000,,,,true,,GET,http://localhost:3000/recommend/s1,HTTP/1.1,default,,200,,,http://localhost:3000/recommend/s1,my_custom_tag=Neo4j,
http_req_duration,1777962808,12.518800,,,,true,,GET,http://localhost:3000/recommend/s1,HTTP/1.1,default,,200,,,http://localhost:3000/recommend/s1,my_custom_tag=Neo4j,
http_req_blocked,1777962808,0.000000,,,,true,,GET,http://localhost:3000/recommend/s1,HTTP/1.1,default,,200,,,http://localhost:3000/recommend/s1,my_custom_tag=Neo4j,
http_req_connecting,1777962808,0.000000,,,,true,,GET,http://localhost:3000/recommend/s1,HTTP/1.1,default,,200,,,http://localhost:3000/recommend/s1,my_custom_tag=Neo4j,
http_req_tls_handshaking,1777962808,0.000000,,,,true,,GET,http://localhost:3000/recommend/s1,HTTP/1.1,default,,200,,,http://localhost:3000/recommend/s1,my_custom_tag=Neo4j,
http_req_sending,1777962808,0.000000,,,,true,,GET,http://localhost:3000/recommend/s1,HTTP/1.1,default,,200,,,http://localhost:3000/recommend/s1,my_custom_tag=Neo4j,
http_req_waiting,1777962808,12.518800,,,,true,,GET,http://localhost:3000/recommend/s1,HTTP/1.1,default,,200,,,http://localhost:3000/recommend/s1,my_custom_tag=Neo4j,
http_req_receiving,1777962808,0.000000,,,,true,,GET,http://localhost:3000/recommend/s1,HTTP/1.1,default,,200,,,http://localhost:3000/recommend/s1,my_custom_tag=Neo4j,
http_req_failed,1777962808,0.000000,,,,true,,GET,http://localhost:3000/recommend/s1,HTTP/1.1,default,,200,,,http://localhost:3000/recommend/s1,my_custom_tag=Neo4j,
http_reqs,1777962808,1.000000,,,,true,,GET,http://localhost:3000/recommend/s1,HTTP/1.1,default,,200,,,http://localhost:3000/recommend/s1,my_custom_tag=Neo4j,
http_req_duration,1777962808,11.329300,,,,true,,GET,http://localhost:3000/recommend/s1,HTTP/1.1,default,,200,,,http://localhost:3000/recommend/s1,my_custom_tag=Neo4j,
http_req_blocked,1777962808,0.000000,,,,true,,GET,http://localhost:3000/recommend/s1,HTTP/1.1,default,,200,,,http://localhost:3000/recommend/s1,my_custom_tag=Neo4j,
http_req_connecting,1777962808,0.000000,,,,true,,GET,http://localhost:3000/recommend/s1,HTTP/1.1,default,,200,,,http://localhost:3000/recommend/s1,my_custom_tag=Neo4j,
http_req_tls_handshaking,1777962808,0.000000,,,,true,,GET,http://localhost:3000/recommend/s1,HTTP/1.1,default,,200,,,http://localhost:3000/recommend/s1,my_custom_tag=Neo4j,
http_req_sending,1777962808,0.000000,,,,true,,GET,http://localhost:3000/recommend/s1,HTTP/1.1,default,,200,,,http://localhost:3000/recommend/s1,my_custom_tag=Neo4j,
http_req_waiting,1777962808,11.329300,,,,true,,GET,http://localhost:3000/recommend/s1,HTTP/1.1,default,,200,,,http://localhost:3000/recommend/s1,my_custom_tag=Neo4j,
http_req_receiving,1777962808,0.000000,,,,true,,GET,http://localhost:3000/recommend/s1,HTTP/1.1,default,,200,,,http://localhost:3000/recommend/s1,my_custom_tag=Neo4j,
http_req_failed,1777962808,0.000000,,,,true,,GET,http://localhost:3000/recommend/s1,HTTP/1.1,default,,200,,,http://localhost:3000/recommend/s1,my_custom_tag=Neo4j,
http_reqs,1777962808,1.000000,,,,true,,GET,http://localhost:3000/recommend/s1,HTTP/1.1,default,,200,,,http://localhost:3000/recommend/s1,my_custom_tag=Neo4j,
http_req_duration,1777962808,12.928200,,,,true,,GET,http://localhost:3000/recommend/s1,HTTP/1.1,default,,200,,,http://localhost:3000/recommend/s1,my_custom_tag=Neo4j,
http_req_blocked,1777962808,0.000000,,,,true,,GET,http://localhost:3000/recommend/s1,HTTP/1.1,default,,200,,,http://localhost:3000/recommend/s1,my_custom_tag=Neo4j,
http_req_connecting,1777962808,0.000000,,,,true,,GET,http://localhost:3000/recommend/s1,HTTP/1.1,default,,200,,,http://localhost:3000/recommend/s1,my_custom_tag=Neo4j,
http_req_tls_handshaking,1777962808,0.000000,,,,true,,GET,http://localhost:3000/recommend/s1,HTTP/1.1,default,,200,,,http://localhost:3000/recommend/s1,my_custom_tag=Neo4j,
http_req_sending,1777962808,0.000000,,,,true,,GET,http://localhost:3000/recommend/s1,HTTP/1.1,default,,200,,,http://localhost:3000/recommend/s1,my_custom_tag=Neo4j,
http_req_waiting,1777962808,12.928200,,,,true,,GET,http://localhost:3000/recommend/s1,HTTP/1.1,default,,200,,,http://localhost:3000/recommend/s1,my_custom_tag=Neo4j,
http_req_receiving,1777962808,0.000000,,,,true,,GET,http://localhost:3000/recommend/s1,HTTP/1.1,default,,200,,,http://localhost:3000/recommend/s1,my_custom_tag=Neo4j,
http_req_failed,1777962808,0.000000,,,,true,,GET,http://localhost:3000/recommend/s1,HTTP/1.1,default,,200,,,http://localhost:3000/recommend/s1,my_custom_tag=Neo4j,
vus,1777962808,10.000000,,,,,,,,,,,,,,,,
vus_max,1777962808,10.000000,,,,,,,,,,,,,,,,
data_sent,1777962809,166.000000,,,,,,,,,default,,,,,,,
data_received,1777962809,12811.000000,,,,,,,,,default,,,,,,,
iteration_duration,1777962809,1024.148600,,,,,,,,,default,,,,,,,
iterations,1777962809,1.000000,,,,,,,,,default,,,,,,,
data_sent,1777962809,166.000000,,,,,,,,,default,,,,,,,
data_received,1777962809,12811.000000,,,,,,,,,default,,,,,,,
iteration_duration,1777962809,1027.838600,,,,,,,,,default,,,,,,,
iterations,1777962809,1.000000,,,,,,,,,default,,,,,,,
http_reqs,1777962809,1.000000,,,,true,,GET,http://localhost:3000/movies,HTTP/1.1,default,,200,,,http://localhost:3000/movies,my_custom_tag=MongoDB,
http_req_duration,1777962809,6.677900,,,,true,,GET,http://localhost:3000/movies,HTTP/1.1,default,,200,,,http://localhost:3000/movies,my_custom_tag=MongoDB,
http_req_blocked,1777962809,0.000000,,,,true,,GET,http://localhost:3000/movies,HTTP/1.1,default,,200,,,http://localhost:3000/movies,my_custom_tag=MongoDB,
http_req_connecting,1777962809,0.000000,,,,true,,GET,http://localhost:3000/movies,HTTP/1.1,default,,200,,,http://localhost:3000/movies,my_custom_tag=MongoDB,
http_req_tls_handshaking,1777962809,0.000000,,,,true,,GET,http://localhost:3000/movies,HTTP/1.1,default,,200,,,http://localhost:3000/movies,my_custom_tag=MongoDB,
http_req_sending,1777962809,0.507900,,,,true,,GET,http://localhost:3000/movies,HTTP/1.1,default,,200,,,http://localhost:3000/movies,my_custom_tag=MongoDB,
http_req_waiting,1777962809,6.170000,,,,true,,GET,http://localhost:3000/movies,HTTP/1.1,default,,200,,,http://localhost:3000/movies,my_custom_tag=MongoDB,
http_req_receiving,1777962809,0.000000,,,,true,,GET,http://localhost:3000/movies,HTTP/1.1,default,,200,,,http://localhost:3000/movies,my_custom_tag=MongoDB,
http_req_failed,1777962809,0.000000,,,,true,,GET,http://localhost:3000/movies,HTTP/1.1,default,,200,,,http://localhost:3000/movies,my_custom_tag=MongoDB,
http_reqs,1777962809,1.000000,,,,true,,GET,http://localhost:3000/movies,HTTP/1.1,default,,200,,,http://localhost:3000/movies,my_custom_tag=MongoDB,
http_req_duration,1777962809,7.126800,,,,true,,GET,http://localhost:3000/movies,HTTP/1.1,default,,200,,,http://localhost:3000/movies,my_custom_tag=MongoDB,
http_req_blocked,1777962809,0.000000,,,,true,,GET,http://localhost:3000/movies,HTTP/1.1,default,,200,,,http://localhost:3000/movies,my_custom_tag=MongoDB,
http_req_connecting,1777962809,0.000000,,,,true,,GET,http://localhost:3000/movies,HTTP/1.1,default,,200,,,http://localhost:3000/movies,my_custom_tag=MongoDB,
http_req_tls_handshaking,1777962809,0.000000,,,,true,,GET,http://localhost:3000/movies,HTTP/1.1,default,,200,,,http://localhost:3000/movies,my_custom_tag=MongoDB,
http_req_sending,1777962809,0.000000,,,,true,,GET,http://localhost:3000/movies,HTTP/1.1,default,,200,,,http://localhost:3000/movies,my_custom_tag=MongoDB,
http_req_waiting,1777962809,6.409100,,,,true,,GET,http://localhost:3000/movies,HTTP/1.1,default,,200,,,http://localhost:3000/movies,my_custom_tag=MongoDB,
http_req_receiving,1777962809,0.717700,,,,true,,GET,http://localhost:3000/movies,HTTP/1.1,default,,200,,,http://localhost:3000/movies,my_custom_tag=MongoDB,
http_req_failed,1777962809,0.000000,,,,true,,GET,http://localhost:3000/movies,HTTP/1.1,default,,200,,,http://localhost:3000/movies,my_custom_tag=MongoDB,
data_sent,1777962809,166.000000,,,,,,,,,default,,,,,,,
data_received,1777962809,12811.000000,,,,,,,,,default,,,,,,,
iteration_duration,1777962809,1024.246600,,,,,,,,,default,,,,,,,
iterations,1777962809,1.000000,,,,,,,,,default,,,,,,,
data_sent,1777962809,166.000000,,,,,,,,,default,,,,,,,
data_received,1777962809,12811.000000,,,,,,,,,default,,,,,,,
iteration_duration,1777962809,1017.634800,,,,,,,,,default,,,,,,,
iterations,1777962809,1.000000,,,,,,,,,default,,,,,,,
http_reqs,1777962809,1.000000,,,,true,,GET,http://localhost:3000/recommend/s1,HTTP/1.1,default,,200,,,http://localhost:3000/recommend/s1,my_custom_tag=Neo4j,
http_req_duration,1777962809,12.788100,,,,true,,GET,http://localhost:3000/recommend/s1,HTTP/1.1,default,,200,,,http://localhost:3000/recommend/s1,my_custom_tag=Neo4j,
http_req_blocked,1777962809,0.000000,,,,true,,GET,http://localhost:3000/recommend/s1,HTTP/1.1,default,,200,,,http://localhost:3000/recommend/s1,my_custom_tag=Neo4j,
http_req_connecting,1777962809,0.000000,,,,true,,GET,http://localhost:3000/recommend/s1,HTTP/1.1,default,,200,,,http://localhost:3000/recommend/s1,my_custom_tag=Neo4j,
http_req_tls_handshaking,1777962809,0.000000,,,,true,,GET,http://localhost:3000/recommend/s1,HTTP/1.1,default,,200,,,http://localhost:3000/recommend/s1,my_custom_tag=Neo4j,
http_req_sending,1777962809,0.000000,,,,true,,GET,http://localhost:3000/recommend/s1,HTTP/1.1,default,,200,,,http://localhost:3000/recommend/s1,my_custom_tag=Neo4j,
http_req_waiting,1777962809,12.788100,,,,true,,GET,http://localhost:3000/recommend/s1,HTTP/1.1,default,,200,,,http://localhost:3000/recommend/s1,my_custom_tag=Neo4j,
http_req_receiving,1777962809,0.000000,,,,true,,GET,http://localhost:3000/recommend/s1,HTTP/1.1,default,,200,,,http://localhost:3000/recommend/s1,my_custom_tag=Neo4j,
http_req_failed,1777962809,0.000000,,,,true,,GET,http://localhost:3000/recommend/s1,HTTP/1.1,default,,200,,,http://localhost:3000/recommend/s1,my_custom_tag=Neo4j,
http_reqs,1777962809,1.000000,,,,true,,GET,http://localhost:3000/recommend/s1,HTTP/1.1,default,,200,,,http://localhost:3000/recommend/s1,my_custom_tag=Neo4j,
http_req_duration,1777962809,14.939400,,,,true,,GET,http://localhost:3000/recommend/s1,HTTP/1.1,default,,200,,,http://localhost:3000/recommend/s1,my_custom_tag=Neo4j,
http_req_blocked,1777962809,0.000000,,,,true,,GET,http://localhost:3000/recommend/s1,HTTP/1.1,default,,200,,,http://localhost:3000/recommend/s1,my_custom_tag=Neo4j,
http_req_connecting,1777962809,0.000000,,,,true,,GET,http://localhost:3000/recommend/s1,HTTP/1.1,default,,200,,,http://localhost:3000/recommend/s1,my_custom_tag=Neo4j,
http_req_tls_handshaking,1777962809,0.000000,,,,true,,GET,http://localhost:3000/recommend/s1,HTTP/1.1,default,,200,,,http://localhost:3000/recommend/s1,my_custom_tag=Neo4j,
http_req_sending,1777962809,0.000000,,,,true,,GET,http://localhost:3000/recommend/s1,HTTP/1.1,default,,200,,,http://localhost:3000/recommend/s1,my_custom_tag=Neo4j,
http_req_waiting,1777962809,14.939400,,,,true,,GET,http://localhost:3000/recommend/s1,HTTP/1.1,default,,200,,,http://localhost:3000/recommend/s1,my_custom_tag=Neo4j,
http_req_receiving,1777962809,0.000000,,,,true,,GET,http://localhost:3000/recommend/s1,HTTP/1.1,default,,200,,,http://localhost:3000/recommend/s1,my_custom_tag=Neo4j,
http_req_failed,1777962809,0.000000,,,,true,,GET,http://localhost:3000/recommend/s1,HTTP/1.1,default,,200,,,http://localhost:3000/recommend/s1,my_custom_tag=Neo4j,
http_reqs,1777962809,1.000000,,,,true,,GET,http://localhost:3000/movies,HTTP/1.1,default,,200,,,http://localhost:3000/movies,my_custom_tag=MongoDB,
http_req_duration,1777962809,6.396400,,,,true,,GET,http://localhost:3000/movies,HTTP/1.1,default,,200,,,http://localhost:3000/movies,my_custom_tag=MongoDB,
http_req_blocked,1777962809,0.000000,,,,true,,GET,http://localhost:3000/movies,HTTP/1.1,default,,200,,,http://localhost:3000/movies,my_custom_tag=MongoDB,
http_req_connecting,1777962809,0.000000,,,,true,,GET,http://localhost:3000/movies,HTTP/1.1,default,,200,,,http://localhost:3000/movies,my_custom_tag=MongoDB,
http_req_tls_handshaking,1777962809,0.000000,,,,true,,GET,http://localhost:3000/movies,HTTP/1.1,default,,200,,,http://localhost:3000/movies,my_custom_tag=MongoDB,
http_req_sending,1777962809,0.000000,,,,true,,GET,http://localhost:3000/movies,HTTP/1.1,default,,200,,,http://localhost:3000/movies,my_custom_tag=MongoDB,
http_req_waiting,1777962809,5.642200,,,,true,,GET,http://localhost:3000/movies,HTTP/1.1,default,,200,,,http://localhost:3000/movies,my_custom_tag=MongoDB,
http_req_receiving,1777962809,0.754200,,,,true,,GET,http://localhost:3000/movies,HTTP/1.1,default,,200,,,http://localhost:3000/movies,my_custom_tag=MongoDB,
http_req_failed,1777962809,0.000000,,,,true,,GET,http://localhost:3000/movies,HTTP/1.1,default,,200,,,http://localhost:3000/movies,my_custom_tag=MongoDB,
http_reqs,1777962809,1.000000,,,,true,,GET,http://localhost:3000/movies,HTTP/1.1,default,,200,,,http://localhost:3000/movies,my_custom_tag=MongoDB,
http_req_duration,1777962809,7.469200,,,,true,,GET,http://localhost:3000/movies,HTTP/1.1,default,,200,,,http://localhost:3000/movies,my_custom_tag=MongoDB,
http_req_blocked,1777962809,0.000000,,,,true,,GET,http://localhost:3000/movies,HTTP/1.1,default,,200,,,http://localhost:3000/movies,my_custom_tag=MongoDB,
http_req_connecting,1777962809,0.000000,,,,true,,GET,http://localhost:3000/movies,HTTP/1.1,default,,200,,,http://localhost:3000/movies,my_custom_tag=MongoDB,
http_req_tls_handshaking,1777962809,0.000000,,,,true,,GET,http://localhost:3000/movies,HTTP/1.1,default,,200,,,http://localhost:3000/movies,my_custom_tag=MongoDB,
http_req_sending,1777962809,0.000000,,,,true,,GET,http://localhost:3000/movies,HTTP/1.1,default,,200,,,http://localhost:3000/movies,my_custom_tag=MongoDB,
http_req_waiting,1777962809,6.912400,,,,true,,GET,http://localhost:3000/movies,HTTP/1.1,default,,200,,,http://localhost:3000/movies,my_custom_tag=MongoDB,
http_req_receiving,1777962809,0.556800,,,,true,,GET,http://localhost:3000/movies,HTTP/1.1,default,,200,,,http://localhost:3000/movies,my_custom_tag=MongoDB,
http_req_failed,1777962809,0.000000,,,,true,,GET,http://localhost:3000/movies,HTTP/1.1,default,,200,,,http://localhost:3000/movies,my_custom_tag=MongoDB,
data_sent,1777962809,166.000000,,,,,,,,,default,,,,,,,
data_received,1777962809,12811.000000,,,,,,,,,default,,,,,,,
iteration_duration,1777962809,1026.357900,,,,,,,,,default,,,,,,,
iterations,1777962809,1.000000,,,,,,,,,default,,,,,,,
data_sent,1777962809,166.000000,,,,,,,,,default,,,,,,,
data_received,1777962809,12811.000000,,,,,,,,,default,,,,,,,
iteration_duration,1777962809,1026.912600,,,,,,,,,default,,,,,,,
iterations,1777962809,1.000000,,,,,,,,,default,,,,,,,
data_sent,1777962809,166.000000,,,,,,,,,default,,,,,,,
data_received,1777962809,12811.000000,,,,,,,,,default,,,,,,,
iteration_duration,1777962809,1023.085400,,,,,,,,,default,,,,,,,
iterations,1777962809,1.000000,,,,,,,,,default,,,,,,,
http_reqs,1777962809,1.000000,,,,true,,GET,http://localhost:3000/recommend/s1,HTTP/1.1,default,,200,,,http://localhost:3000/recommend/s1,my_custom_tag=Neo4j,
http_req_duration,1777962809,9.953300,,,,true,,GET,http://localhost:3000/recommend/s1,HTTP/1.1,default,,200,,,http://localhost:3000/recommend/s1,my_custom_tag=Neo4j,
http_req_blocked,1777962809,0.000000,,,,true,,GET,http://localhost:3000/recommend/s1,HTTP/1.1,default,,200,,,http://localhost:3000/recommend/s1,my_custom_tag=Neo4j,
http_req_connecting,1777962809,0.000000,,,,true,,GET,http://localhost:3000/recommend/s1,HTTP/1.1,default,,200,,,http://localhost:3000/recommend/s1,my_custom_tag=Neo4j,
http_req_tls_handshaking,1777962809,0.000000,,,,true,,GET,http://localhost:3000/recommend/s1,HTTP/1.1,default,,200,,,http://localhost:3000/recommend/s1,my_custom_tag=Neo4j,
http_req_sending,1777962809,0.000000,,,,true,,GET,http://localhost:3000/recommend/s1,HTTP/1.1,default,,200,,,http://localhost:3000/recommend/s1,my_custom_tag=Neo4j,
http_req_waiting,1777962809,9.953300,,,,true,,GET,http://localhost:3000/recommend/s1,HTTP/1.1,default,,200,,,http://localhost:3000/recommend/s1,my_custom_tag=Neo4j,
http_req_receiving,1777962809,0.000000,,,,true,,GET,http://localhost:3000/recommend/s1,HTTP/1.1,default,,200,,,http://localhost:3000/recommend/s1,my_custom_tag=Neo4j,
http_req_failed,1777962809,0.000000,,,,true,,GET,http://localhost:3000/recommend/s1,HTTP/1.1,default,,200,,,http://localhost:3000/recommend/s1,my_custom_tag=Neo4j,
http_reqs,1777962809,1.000000,,,,true,,GET,http://localhost:3000/recommend/s1,HTTP/1.1,default,,200,,,http://localhost:3000/recommend/s1,my_custom_tag=Neo4j,
http_req_duration,1777962809,11.026100,,,,true,,GET,http://localhost:3000/recommend/s1,HTTP/1.1,default,,200,,,http://localhost:3000/recommend/s1,my_custom_tag=Neo4j,
http_req_blocked,1777962809,0.000000,,,,true,,GET,http://localhost:3000/recommend/s1,HTTP/1.1,default,,200,,,http://localhost:3000/recommend/s1,my_custom_tag=Neo4j,
http_req_connecting,1777962809,0.000000,,,,true,,GET,http://localhost:3000/recommend/s1,HTTP/1.1,default,,200,,,http://localhost:3000/recommend/s1,my_custom_tag=Neo4j,
http_req_tls_handshaking,1777962809,0.000000,,,,true,,GET,http://localhost:3000/recommend/s1,HTTP/1.1,default,,200,,,http://localhost:3000/recommend/s1,my_custom_tag=Neo4j,
http_req_sending,1777962809,0.000000,,,,true,,GET,http://localhost:3000/recommend/s1,HTTP/1.1,default,,200,,,http://localhost:3000/recommend/s1,my_custom_tag=Neo4j,
http_req_waiting,1777962809,11.026100,,,,true,,GET,http://localhost:3000/recommend/s1,HTTP/1.1,default,,200,,,http://localhost:3000/recommend/s1,my_custom_tag=Neo4j,
http_req_receiving,1777962809,0.000000,,,,true,,GET,http://localhost:3000/recommend/s1,HTTP/1.1,default,,200,,,http://localhost:3000/recommend/s1,my_custom_tag=Neo4j,
http_req_failed,1777962809,0.000000,,,,true,,GET,http://localhost:3000/recommend/s1,HTTP/1.1,default,,200,,,http://localhost:3000/recommend/s1,my_custom_tag=Neo4j,
http_reqs,1777962809,1.000000,,,,true,,GET,http://localhost:3000/movies,HTTP/1.1,default,,200,,,http://localhost:3000/movies,my_custom_tag=MongoDB,
http_req_duration,1777962809,6.849400,,,,true,,GET,http://localhost:3000/movies,HTTP/1.1,default,,200,,,http://localhost:3000/movies,my_custom_tag=MongoDB,
http_req_blocked,1777962809,0.000000,,,,true,,GET,http://localhost:3000/movies,HTTP/1.1,default,,200,,,http://localhost:3000/movies,my_custom_tag=MongoDB,
http_req_connecting,1777962809,0.000000,,,,true,,GET,http://localhost:3000/movies,HTTP/1.1,default,,200,,,http://localhost:3000/movies,my_custom_tag=MongoDB,
http_req_tls_handshaking,1777962809,0.000000,,,,true,,GET,http://localhost:3000/movies,HTTP/1.1,default,,200,,,http://localhost:3000/movies,my_custom_tag=MongoDB,
http_req_sending,1777962809,0.000000,,,,true,,GET,http://localhost:3000/movies,HTTP/1.1,default,,200,,,http://localhost:3000/movies,my_custom_tag=MongoDB,
http_req_waiting,1777962809,6.849400,,,,true,,GET,http://localhost:3000/movies,HTTP/1.1,default,,200,,,http://localhost:3000/movies,my_custom_tag=MongoDB,
http_req_receiving,1777962809,0.000000,,,,true,,GET,http://localhost:3000/movies,HTTP/1.1,default,,200,,,http://localhost:3000/movies,my_custom_tag=MongoDB,
http_req_failed,1777962809,0.000000,,,,true,,GET,http://localhost:3000/movies,HTTP/1.1,default,,200,,,http://localhost:3000/movies,my_custom_tag=MongoDB,
http_reqs,1777962809,1.000000,,,,true,,GET,http://localhost:3000/movies,HTTP/1.1,default,,200,,,http://localhost:3000/movies,my_custom_tag=MongoDB,
http_req_duration,1777962809,5.833700,,,,true,,GET,http://localhost:3000/movies,HTTP/1.1,default,,200,,,http://localhost:3000/movies,my_custom_tag=MongoDB,
http_req_blocked,1777962809,0.000000,,,,true,,GET,http://localhost:3000/movies,HTTP/1.1,default,,200,,,http://localhost:3000/movies,my_custom_tag=MongoDB,
http_req_connecting,1777962809,0.000000,,,,true,,GET,http://localhost:3000/movies,HTTP/1.1,default,,200,,,http://localhost:3000/movies,my_custom_tag=MongoDB,
http_req_tls_handshaking,1777962809,0.000000,,,,true,,GET,http://localhost:3000/movies,HTTP/1.1,default,,200,,,http://localhost:3000/movies,my_custom_tag=MongoDB,
http_req_sending,1777962809,0.000000,,,,true,,GET,http://localhost:3000/movies,HTTP/1.1,default,,200,,,http://localhost:3000/movies,my_custom_tag=MongoDB,
http_req_waiting,1777962809,5.833700,,,,true,,GET,http://localhost:3000/movies,HTTP/1.1,default,,200,,,http://localhost:3000/movies,my_custom_tag=MongoDB,
http_req_receiving,1777962809,0.000000,,,,true,,GET,http://localhost:3000/movies,HTTP/1.1,default,,200,,,http://localhost:3000/movies,my_custom_tag=MongoDB,
http_req_failed,1777962809,0.000000,,,,true,,GET,http://localhost:3000/movies,HTTP/1.1,default,,200,,,http://localhost:3000/movies,my_custom_tag=MongoDB,
http_reqs,1777962809,1.000000,,,,true,,GET,http://localhost:3000/movies,HTTP/1.1,default,,200,,,http://localhost:3000/movies,my_custom_tag=MongoDB,
http_req_duration,1777962809,7.212400,,,,true,,GET,http://localhost:3000/movies,HTTP/1.1,default,,200,,,http://localhost:3000/movies,my_custom_tag=MongoDB,
http_req_blocked,1777962809,0.000000,,,,true,,GET,http://localhost:3000/movies,HTTP/1.1,default,,200,,,http://localhost:3000/movies,my_custom_tag=MongoDB,
http_req_connecting,1777962809,0.000000,,,,true,,GET,http://localhost:3000/movies,HTTP/1.1,default,,200,,,http://localhost:3000/movies,my_custom_tag=MongoDB,
http_req_tls_handshaking,1777962809,0.000000,,,,true,,GET,http://localhost:3000/movies,HTTP/1.1,default,,200,,,http://localhost:3000/movies,my_custom_tag=MongoDB,
http_req_sending,1777962809,0.000000,,,,true,,GET,http://localhost:3000/movies,HTTP/1.1,default,,200,,,http://localhost:3000/movies,my_custom_tag=MongoDB,
http_req_waiting,1777962809,7.212400,,,,true,,GET,http://localhost:3000/movies,HTTP/1.1,default,,200,,,http://localhost:3000/movies,my_custom_tag=MongoDB,
http_req_receiving,1777962809,0.000000,,,,true,,GET,http://localhost:3000/movies,HTTP/1.1,default,,200,,,http://localhost:3000/movies,my_custom_tag=MongoDB,
http_req_failed,1777962809,0.000000,,,,true,,GET,http://localhost:3000/movies,HTTP/1.1,default,,200,,,http://localhost:3000/movies,my_custom_tag=MongoDB,
data_sent,1777962809,166.000000,,,,,,,,,default,,,,,,,
data_received,1777962809,12811.000000,,,,,,,,,default,,,,,,,
iteration_duration,1777962809,1026.676300,,,,,,,,,default,,,,,,,
iterations,1777962809,1.000000,,,,,,,,,default,,,,,,,
data_sent,1777962809,166.000000,,,,,,,,,default,,,,,,,
data_received,1777962809,12811.000000,,,,,,,,,default,,,,,,,
iteration_duration,1777962809,1026.323700,,,,,,,,,default,,,,,,,
iterations,1777962809,1.000000,,,,,,,,,default,,,,,,,
data_sent,1777962809,166.000000,,,,,,,,,default,,,,,,,
data_received,1777962809,12811.000000,,,,,,,,,default,,,,,,,
iteration_duration,1777962809,1027.728800,,,,,,,,,default,,,,,,,
iterations,1777962809,1.000000,,,,,,,,,default,,,,,,,
http_reqs,1777962809,1.000000,,,,true,,GET,http://localhost:3000/recommend/s1,HTTP/1.1,default,,200,,,http://localhost:3000/recommend/s1,my_custom_tag=Neo4j,
http_req_duration,1777962809,10.350700,,,,true,,GET,http://localhost:3000/recommend/s1,HTTP/1.1,default,,200,,,http://localhost:3000/recommend/s1,my_custom_tag=Neo4j,
http_req_blocked,1777962809,0.000000,,,,true,,GET,http://localhost:3000/recommend/s1,HTTP/1.1,default,,200,,,http://localhost:3000/recommend/s1,my_custom_tag=Neo4j,
http_req_connecting,1777962809,0.000000,,,,true,,GET,http://localhost:3000/recommend/s1,HTTP/1.1,default,,200,,,http://localhost:3000/recommend/s1,my_custom_tag=Neo4j,
http_req_tls_handshaking,1777962809,0.000000,,,,true,,GET,http://localhost:3000/recommend/s1,HTTP/1.1,default,,200,,,http://localhost:3000/recommend/s1,my_custom_tag=Neo4j,
http_req_sending,1777962809,0.000000,,,,true,,GET,http://localhost:3000/recommend/s1,HTTP/1.1,default,,200,,,http://localhost:3000/recommend/s1,my_custom_tag=Neo4j,
http_req_waiting,1777962809,10.350700,,,,true,,GET,http://localhost:3000/recommend/s1,HTTP/1.1,default,,200,,,http://localhost:3000/recommend/s1,my_custom_tag=Neo4j,
http_req_receiving,1777962809,0.000000,,,,true,,GET,http://localhost:3000/recommend/s1,HTTP/1.1,default,,200,,,http://localhost:3000/recommend/s1,my_custom_tag=Neo4j,
http_req_failed,1777962809,0.000000,,,,true,,GET,http://localhost:3000/recommend/s1,HTTP/1.1,default,,200,,,http://localhost:3000/recommend/s1,my_custom_tag=Neo4j,
http_reqs,1777962809,1.000000,,,,true,,GET,http://localhost:3000/recommend/s1,HTTP/1.1,default,,200,,,http://localhost:3000/recommend/s1,my_custom_tag=Neo4j,
http_req_duration,1777962809,13.093700,,,,true,,GET,http://localhost:3000/recommend/s1,HTTP/1.1,default,,200,,,http://localhost:3000/recommend/s1,my_custom_tag=Neo4j,
http_req_blocked,1777962809,0.000000,,,,true,,GET,http://localhost:3000/recommend/s1,HTTP/1.1,default,,200,,,http://localhost:3000/recommend/s1,my_custom_tag=Neo4j,
http_req_connecting,1777962809,0.000000,,,,true,,GET,http://localhost:3000/recommend/s1,HTTP/1.1,default,,200,,,http://localhost:3000/recommend/s1,my_custom_tag=Neo4j,
http_req_tls_handshaking,1777962809,0.000000,,,,true,,GET,http://localhost:3000/recommend/s1,HTTP/1.1,default,,200,,,http://localhost:3000/recommend/s1,my_custom_tag=Neo4j,
http_req_sending,1777962809,0.000000,,,,true,,GET,http://localhost:3000/recommend/s1,HTTP/1.1,default,,200,,,http://localhost:3000/recommend/s1,my_custom_tag=Neo4j,
http_req_waiting,1777962809,13.093700,,,,true,,GET,http://localhost:3000/recommend/s1,HTTP/1.1,default,,200,,,http://localhost:3000/recommend/s1,my_custom_tag=Neo4j,
http_req_receiving,1777962809,0.000000,,,,true,,GET,http://localhost:3000/recommend/s1,HTTP/1.1,default,,200,,,http://localhost:3000/recommend/s1,my_custom_tag=Neo4j,
http_req_failed,1777962809,0.000000,,,,true,,GET,http://localhost:3000/recommend/s1,HTTP/1.1,default,,200,,,http://localhost:3000/recommend/s1,my_custom_tag=Neo4j,
http_reqs,1777962809,1.000000,,,,true,,GET,http://localhost:3000/recommend/s1,HTTP/1.1,default,,200,,,http://localhost:3000/recommend/s1,my_custom_tag=Neo4j,
http_req_duration,1777962809,13.093700,,,,true,,GET,http://localhost:3000/recommend/s1,HTTP/1.1,default,,200,,,http://localhost:3000/recommend/s1,my_custom_tag=Neo4j,
http_req_blocked,1777962809,0.000000,,,,true,,GET,http://localhost:3000/recommend/s1,HTTP/1.1,default,,200,,,http://localhost:3000/recommend/s1,my_custom_tag=Neo4j,
http_req_connecting,1777962809,0.000000,,,,true,,GET,http://localhost:3000/recommend/s1,HTTP/1.1,default,,200,,,http://localhost:3000/recommend/s1,my_custom_tag=Neo4j,
http_req_tls_handshaking,1777962809,0.000000,,,,true,,GET,http://localhost:3000/recommend/s1,HTTP/1.1,default,,200,,,http://localhost:3000/recommend/s1,my_custom_tag=Neo4j,
http_req_sending,1777962809,0.000000,,,,true,,GET,http://localhost:3000/recommend/s1,HTTP/1.1,default,,200,,,http://localhost:3000/recommend/s1,my_custom_tag=Neo4j,
http_req_waiting,1777962809,13.093700,,,,true,,GET,http://localhost:3000/recommend/s1,HTTP/1.1,default,,200,,,http://localhost:3000/recommend/s1,my_custom_tag=Neo4j,
http_req_receiving,1777962809,0.000000,,,,true,,GET,http://localhost:3000/recommend/s1,HTTP/1.1,default,,200,,,http://localhost:3000/recommend/s1,my_custom_tag=Neo4j,
http_req_failed,1777962809,0.000000,,,,true,,GET,http://localhost:3000/recommend/s1,HTTP/1.1,default,,200,,,http://localhost:3000/recommend/s1,my_custom_tag=Neo4j,
http_reqs,1777962809,1.000000,,,,true,,GET,http://localhost:3000/movies,HTTP/1.1,default,,200,,,http://localhost:3000/movies,my_custom_tag=MongoDB,
http_req_duration,1777962809,8.147300,,,,true,,GET,http://localhost:3000/movies,HTTP/1.1,default,,200,,,http://localhost:3000/movies,my_custom_tag=MongoDB,
http_req_blocked,1777962809,0.000000,,,,true,,GET,http://localhost:3000/movies,HTTP/1.1,default,,200,,,http://localhost:3000/movies,my_custom_tag=MongoDB,
http_req_connecting,1777962809,0.000000,,,,true,,GET,http://localhost:3000/movies,HTTP/1.1,default,,200,,,http://localhost:3000/movies,my_custom_tag=MongoDB,
http_req_tls_handshaking,1777962809,0.000000,,,,true,,GET,http://localhost:3000/movies,HTTP/1.1,default,,200,,,http://localhost:3000/movies,my_custom_tag=MongoDB,
http_req_sending,1777962809,0.000000,,,,true,,GET,http://localhost:3000/movies,HTTP/1.1,default,,200,,,http://localhost:3000/movies,my_custom_tag=MongoDB,
http_req_waiting,1777962809,7.170100,,,,true,,GET,http://localhost:3000/movies,HTTP/1.1,default,,200,,,http://localhost:3000/movies,my_custom_tag=MongoDB,
http_req_receiving,1777962809,0.977200,,,,true,,GET,http://localhost:3000/movies,HTTP/1.1,default,,200,,,http://localhost:3000/movies,my_custom_tag=MongoDB,
http_req_failed,1777962809,0.000000,,,,true,,GET,http://localhost:3000/movies,HTTP/1.1,default,,200,,,http://localhost:3000/movies,my_custom_tag=MongoDB,
http_reqs,1777962809,1.000000,,,,true,,GET,http://localhost:3000/movies,HTTP/1.1,default,,200,,,http://localhost:3000/movies,my_custom_tag=MongoDB,
http_req_duration,1777962809,8.143600,,,,true,,GET,http://localhost:3000/movies,HTTP/1.1,default,,200,,,http://localhost:3000/movies,my_custom_tag=MongoDB,
http_req_blocked,1777962809,0.000000,,,,true,,GET,http://localhost:3000/movies,HTTP/1.1,default,,200,,,http://localhost:3000/movies,my_custom_tag=MongoDB,
http_req_connecting,1777962809,0.000000,,,,true,,GET,http://localhost:3000/movies,HTTP/1.1,default,,200,,,http://localhost:3000/movies,my_custom_tag=MongoDB,
http_req_tls_handshaking,1777962809,0.000000,,,,true,,GET,http://localhost:3000/movies,HTTP/1.1,default,,200,,,http://localhost:3000/movies,my_custom_tag=MongoDB,
http_req_sending,1777962809,0.000000,,,,true,,GET,http://localhost:3000/movies,HTTP/1.1,default,,200,,,http://localhost:3000/movies,my_custom_tag=MongoDB,
http_req_waiting,1777962809,8.143600,,,,true,,GET,http://localhost:3000/movies,HTTP/1.1,default,,200,,,http://localhost:3000/movies,my_custom_tag=MongoDB,
http_req_receiving,1777962809,0.000000,,,,true,,GET,http://localhost:3000/movies,HTTP/1.1,default,,200,,,http://localhost:3000/movies,my_custom_tag=MongoDB,
http_req_failed,1777962809,0.000000,,,,true,,GET,http://localhost:3000/movies,HTTP/1.1,default,,200,,,http://localhost:3000/movies,my_custom_tag=MongoDB,
http_reqs,1777962809,1.000000,,,,true,,GET,http://localhost:3000/movies,HTTP/1.1,default,,200,,,http://localhost:3000/movies,my_custom_tag=MongoDB,
http_req_duration,1777962809,8.283600,,,,true,,GET,http://localhost:3000/movies,HTTP/1.1,default,,200,,,http://localhost:3000/movies,my_custom_tag=MongoDB,
http_req_blocked,1777962809,0.000000,,,,true,,GET,http://localhost:3000/movies,HTTP/1.1,default,,200,,,http://localhost:3000/movies,my_custom_tag=MongoDB,
http_req_connecting,1777962809,0.000000,,,,true,,GET,http://localhost:3000/movies,HTTP/1.1,default,,200,,,http://localhost:3000/movies,my_custom_tag=MongoDB,
http_req_tls_handshaking,1777962809,0.000000,,,,true,,GET,http://localhost:3000/movies,HTTP/1.1,default,,200,,,http://localhost:3000/movies,my_custom_tag=MongoDB,
http_req_sending,1777962809,0.000000,,,,true,,GET,http://localhost:3000/movies,HTTP/1.1,default,,200,,,http://localhost:3000/movies,my_custom_tag=MongoDB,
http_req_waiting,1777962809,7.658400,,,,true,,GET,http://localhost:3000/movies,HTTP/1.1,default,,200,,,http://localhost:3000/movies,my_custom_tag=MongoDB,
http_req_receiving,1777962809,0.625200,,,,true,,GET,http://localhost:3000/movies,HTTP/1.1,default,,200,,,http://localhost:3000/movies,my_custom_tag=MongoDB,
http_req_failed,1777962809,0.000000,,,,true,,GET,http://localhost:3000/movies,HTTP/1.1,default,,200,,,http://localhost:3000/movies,my_custom_tag=MongoDB,
http_reqs,1777962809,1.000000,,,,true,,GET,http://localhost:3000/recommend/s1,HTTP/1.1,default,,200,,,http://localhost:3000/recommend/s1,my_custom_tag=Neo4j,
http_req_duration,1777962809,11.929500,,,,true,,GET,http://localhost:3000/recommend/s1,HTTP/1.1,default,,200,,,http://localhost:3000/recommend/s1,my_custom_tag=Neo4j,
http_req_blocked,1777962809,0.000000,,,,true,,GET,http://localhost:3000/recommend/s1,HTTP/1.1,default,,200,,,http://localhost:3000/recommend/s1,my_custom_tag=Neo4j,
http_req_connecting,1777962809,0.000000,,,,true,,GET,http://localhost:3000/recommend/s1,HTTP/1.1,default,,200,,,http://localhost:3000/recommend/s1,my_custom_tag=Neo4j,
http_req_tls_handshaking,1777962809,0.000000,,,,true,,GET,http://localhost:3000/recommend/s1,HTTP/1.1,default,,200,,,http://localhost:3000/recommend/s1,my_custom_tag=Neo4j,
http_req_sending,1777962809,0.000000,,,,true,,GET,http://localhost:3000/recommend/s1,HTTP/1.1,default,,200,,,http://localhost:3000/recommend/s1,my_custom_tag=Neo4j,
http_req_waiting,1777962809,11.582600,,,,true,,GET,http://localhost:3000/recommend/s1,HTTP/1.1,default,,200,,,http://localhost:3000/recommend/s1,my_custom_tag=Neo4j,
http_req_receiving,1777962809,0.346900,,,,true,,GET,http://localhost:3000/recommend/s1,HTTP/1.1,default,,200,,,http://localhost:3000/recommend/s1,my_custom_tag=Neo4j,
http_req_failed,1777962809,0.000000,,,,true,,GET,http://localhost:3000/recommend/s1,HTTP/1.1,default,,200,,,http://localhost:3000/recommend/s1,my_custom_tag=Neo4j,
http_reqs,1777962809,1.000000,,,,true,,GET,http://localhost:3000/recommend/s1,HTTP/1.1,default,,200,,,http://localhost:3000/recommend/s1,my_custom_tag=Neo4j,
http_req_duration,1777962809,10.656100,,,,true,,GET,http://localhost:3000/recommend/s1,HTTP/1.1,default,,200,,,http://localhost:3000/recommend/s1,my_custom_tag=Neo4j,
http_req_blocked,1777962809,0.000000,,,,true,,GET,http://localhost:3000/recommend/s1,HTTP/1.1,default,,200,,,http://localhost:3000/recommend/s1,my_custom_tag=Neo4j,
http_req_connecting,1777962809,0.000000,,,,true,,GET,http://localhost:3000/recommend/s1,HTTP/1.1,default,,200,,,http://localhost:3000/recommend/s1,my_custom_tag=Neo4j,
http_req_tls_handshaking,1777962809,0.000000,,,,true,,GET,http://localhost:3000/recommend/s1,HTTP/1.1,default,,200,,,http://localhost:3000/recommend/s1,my_custom_tag=Neo4j,
http_req_sending,1777962809,0.000000,,,,true,,GET,http://localhost:3000/recommend/s1,HTTP/1.1,default,,200,,,http://localhost:3000/recommend/s1,my_custom_tag=Neo4j,
http_req_waiting,1777962809,10.656100,,,,true,,GET,http://localhost:3000/recommend/s1,HTTP/1.1,default,,200,,,http://localhost:3000/recommend/s1,my_custom_tag=Neo4j,
http_req_receiving,1777962809,0.000000,,,,true,,GET,http://localhost:3000/recommend/s1,HTTP/1.1,default,,200,,,http://localhost:3000/recommend/s1,my_custom_tag=Neo4j,
http_req_failed,1777962809,0.000000,,,,true,,GET,http://localhost:3000/recommend/s1,HTTP/1.1,default,,200,,,http://localhost:3000/recommend/s1,my_custom_tag=Neo4j,
http_reqs,1777962809,1.000000,,,,true,,GET,http://localhost:3000/recommend/s1,HTTP/1.1,default,,200,,,http://localhost:3000/recommend/s1,my_custom_tag=Neo4j,
http_req_duration,1777962809,12.479200,,,,true,,GET,http://localhost:3000/recommend/s1,HTTP/1.1,default,,200,,,http://localhost:3000/recommend/s1,my_custom_tag=Neo4j,
http_req_blocked,1777962809,0.000000,,,,true,,GET,http://localhost:3000/recommend/s1,HTTP/1.1,default,,200,,,http://localhost:3000/recommend/s1,my_custom_tag=Neo4j,
http_req_connecting,1777962809,0.000000,,,,true,,GET,http://localhost:3000/recommend/s1,HTTP/1.1,default,,200,,,http://localhost:3000/recommend/s1,my_custom_tag=Neo4j,
http_req_tls_handshaking,1777962809,0.000000,,,,true,,GET,http://localhost:3000/recommend/s1,HTTP/1.1,default,,200,,,http://localhost:3000/recommend/s1,my_custom_tag=Neo4j,
http_req_sending,1777962809,0.000000,,,,true,,GET,http://localhost:3000/recommend/s1,HTTP/1.1,default,,200,,,http://localhost:3000/recommend/s1,my_custom_tag=Neo4j,
http_req_waiting,1777962809,12.479200,,,,true,,GET,http://localhost:3000/recommend/s1,HTTP/1.1,default,,200,,,http://localhost:3000/recommend/s1,my_custom_tag=Neo4j,
http_req_receiving,1777962809,0.000000,,,,true,,GET,http://localhost:3000/recommend/s1,HTTP/1.1,default,,200,,,http://localhost:3000/recommend/s1,my_custom_tag=Neo4j,
http_req_failed,1777962809,0.000000,,,,true,,GET,http://localhost:3000/recommend/s1,HTTP/1.1,default,,200,,,http://localhost:3000/recommend/s1,my_custom_tag=Neo4j,
vus,1777962809,10.000000,,,,,,,,,,,,,,,,
vus_max,1777962809,10.000000,,,,,,,,,,,,,,,,
data_sent,1777962810,166.000000,,,,,,,,,default,,,,,,,
data_received,1777962810,12811.000000,,,,,,,,,default,,,,,,,
iteration_duration,1777962810,1020.755400,,,,,,,,,default,,,,,,,
iterations,1777962810,1.000000,,,,,,,,,default,,,,,,,
data_sent,1777962810,166.000000,,,,,,,,,default,,,,,,,
data_received,1777962810,12811.000000,,,,,,,,,default,,,,,,,
iteration_duration,1777962810,1022.274300,,,,,,,,,default,,,,,,,
iterations,1777962810,1.000000,,,,,,,,,default,,,,,,,
data_sent,1777962810,166.000000,,,,,,,,,default,,,,,,,
data_received,1777962810,12811.000000,,,,,,,,,default,,,,,,,
iteration_duration,1777962810,1018.097400,,,,,,,,,default,,,,,,,
iterations,1777962810,1.000000,,,,,,,,,default,,,,,,,
data_sent,1777962810,166.000000,,,,,,,,,default,,,,,,,
data_received,1777962810,12811.000000,,,,,,,,,default,,,,,,,
iteration_duration,1777962810,1018.097400,,,,,,,,,default,,,,,,,
iterations,1777962810,1.000000,,,,,,,,,default,,,,,,,
data_sent,1777962810,166.000000,,,,,,,,,default,,,,,,,
data_received,1777962810,12811.000000,,,,,,,,,default,,,,,,,
iteration_duration,1777962810,1020.248900,,,,,,,,,default,,,,,,,
iterations,1777962810,1.000000,,,,,,,,,default,,,,,,,
data_sent,1777962810,166.000000,,,,,,,,,default,,,,,,,
data_received,1777962810,12811.000000,,,,,,,,,default,,,,,,,
iteration_duration,1777962810,1019.233200,,,,,,,,,default,,,,,,,
iterations,1777962810,1.000000,,,,,,,,,default,,,,,,,
data_sent,1777962810,166.000000,,,,,,,,,default,,,,,,,
data_received,1777962810,12811.000000,,,,,,,,,default,,,,,,,
iteration_duration,1777962810,1020.760800,,,,,,,,,default,,,,,,,
iterations,1777962810,1.000000,,,,,,,,,default,,,,,,,
data_sent,1777962810,166.000000,,,,,,,,,default,,,,,,,
data_received,1777962810,12811.000000,,,,,,,,,default,,,,,,,
iteration_duration,1777962810,1021.017200,,,,,,,,,default,,,,,,,
iterations,1777962810,1.000000,,,,,,,,,default,,,,,,,
data_sent,1777962810,166.000000,,,,,,,,,default,,,,,,,
data_received,1777962810,12811.000000,,,,,,,,,default,,,,,,,
iteration_duration,1777962810,1019.964700,,,,,,,,,default,,,,,,,
iterations,1777962810,1.000000,,,,,,,,,default,,,,,,,
data_sent,1777962810,166.000000,,,,,,,,,default,,,,,,,
data_received,1777962810,12811.000000,,,,,,,,,default,,,,,,,
iteration_duration,1777962810,1021.244300,,,,,,,,,default,,,,,,,
iterations,1777962810,1.000000,,,,,,,,,default,,,,,,,
